doi,title,authors,affiliations,abstract,journal,published_date,crossref_type,url,source_issn,abs_journal_title,abs_field,abs_publisher,abs_ajg2024,abs_ajg2021,abs_ajg2018
10.1177/09500170261462753,Visibilising the gritty realities of truck driving work in the UK,Kaveri Medappa; Josephine Noon,"Department for Continuing Education, University of Oxford, UK","This article introduces Josephine (Jo) Noon, a woman truck driver in her early 40s. Speaking as a woman in a male-dominated occupation, a recent entrant into the UK’s truck driving workforce and with experience driving in the UK and Europe, Jo’s account disrupts common misconceptions about truck driving and truck drivers. The article contributes to sociological debates at the intersections of mobility and labour by drawing attention to how spatial mobility itself constitutes work for mobile logistics workers and becomes a site of surplus extraction for capital. We highlight the less explored material, embodied realities of occupational auto-mobilities, and the physical infrastructures necessary for the daily social reproduction of mobile workers, foregrounding their affective, generative effects for worker wellbeing and retention. The article ends with a provocation: that truck driver shortages be read as a ‘refusal’ by drivers to continue labouring under exploitative logistics capital and uncaring state actors.","Work, Employment and Society",2026-09-02,journal-article,https://doi.org/10.1177/09500170261462753,1469-8722,"Work, Employment and Society",HRM&EMP,SAGE,4,4,4
10.1007/s11192-026-05785-w,Authenticity of scientific literature: analyzing the usage of hedging in adapted scientific literature,Hilko Aljets; Thomas Waitz,,"Abstract Adapted scientific literature (ASL) is increasingly used in educational contexts to make authentic science texts accessible to students. One hallmark of scientific writing is the use of hedging - linguistic means to express uncertainty or tentativeness. This study investigates whether ASL maintains this characteristic feature, and to what extent its usage of hedging aligns with original scientific articles. Using a machine learning approach, we trained classifiers on the BioScope corpus to automatically detect hedging in English and German texts. We then analyzed corpora consisting of original research articles, their adapted counterparts, and textbook excerpts. Our results show that ASL retains the typical distributional pattern of hedging - particularly its increased frequency in the introduction and discussion sections - but the overall proportion of hedging expressions is reduced compared to the original texts. In contrast, textbook texts contain very little hedging and present scientific knowledge as more certain. These findings suggest that ASL offers a linguistically authentic alternative to original scientific literature and may help learners engage with the epistemic practices of science more realistically. While some reduction in hedging occurs during the adaptation process, ASL preserves essential rhetorical features of scientific discourse and can thus serve as a valuable resource in science education.",Scientometrics,2026-09-02,journal-article,https://doi.org/10.1007/s11192-026-05785-w,1588-2861,Scientometrics,INNOV,Springer Nature,4,4,4
10.1080/00343404.2026.2703746,"Transition without transformation: net-zero industrial policy, green path diversification and creation",Kyle S. Herman; Jeremy K. Hall; Benjamin K. Sovacool; Marfuga Iskandarova; Steven Griffiths,"Libera Università Internazionale degli Studi Sociali (LUISS); University of Sussex Business School, Science Policy Research Unit (SPRU); Aarhus University; Boston University, Institute for Global Sustainability (IGS); American University of Sharjah",,Regional Studies,2026-09-02,journal-article,https://doi.org/10.1080/00343404.2026.2703746,1360-0591,Regional Studies,"REGIONAL STUDIES, PLANNING AND ENVIRONMENT",Taylor & Francis,4,4,3.0
10.1111/puar.70192,The Role of Public Administrators in Building a Robust Liberal Democracy,Eva Sørensen; Jacob Torfing,Department of Social Sciences and Business Roskilde University Roskilde Denmark,"ABSTRACT After decades of expansion, liberal democracy is threatened by autocratic populists. These actors exploit widening gaps between leaders and citizens, as well as growing political polarization in the population, to consolidate executive power by undermining courts, sidelining elected assemblies, discrediting public administrators, and intimidating both opposition and the press. This alarming predicament begs the question of what enterprising role public administrators can play in curbing the rise of autocratic populism by reconnecting elected politicians with diverse and polarized population groups while fostering alignment among them. To this end, public administrators are conceptualized as bridgebuilders promoting interactive political leadership along the vertical axis of the political system; as mediators fostering agreement, accommodation, or compromise between polarized groups along the horizontal axis; and as institutional architects linking representative democracy and collaborative governance arenas. This expanded role of public administrators as democratic guardians and protagonists raises important questions regarding its legitimacy.",Public Administration Review,2026-09-01,journal-article,https://doi.org/10.1111/puar.70192,1540-6210,Public Administration Review,PUB SEC,Wiley-Blackwell,4*,4*,4*
10.1111/puar.70196,Increasing Equitable Access in Public Service: A Descriptive Study About Accessible Materials,Michelle Allgood,"School of Politics, Public Affairs, and International Studies, University of Wyoming Laramie Wyoming USA","ABSTRACT As the digital footprint of public service expands, the need for accessible materials for individuals with disabilities grows. Public servants must consider accessibility in the creation of all materials, from websites to PDFs to audio and visual media. However, research around accessible material creation in public service has been limited. This study uses data from a 2024 survey of MPA alumni from five universities to identify their familiarity with accessible material creation, including their awareness of their own organization's policies, processes, and training. The findings reveal that respondent awareness of their own organization's practices was correlated with higher familiarity in generating accessible materials. However, many respondents did not know about their organization's practices, identifying the need for increased dialogue about this essential element of social equity and inclusion. As such, suggestions for organizations to improve their practices around accessible material creation along with ideas for continued research are shared.",Public Administration Review,2026-09-01,journal-article,https://doi.org/10.1111/puar.70196,1540-6210,Public Administration Review,PUB SEC,Wiley-Blackwell,4*,4*,4*
10.1287/opre.2025.2500,Maximizing the Out-of-Sample Sharpe Ratio,Nathan Lassance,"Louvain Finance, Louvain Institute of Data Analysis and Modeling, UCLouvain, 1348 Louvain-la-Neuve, Belgium","Analytical Approach to Sharpe Ratio Optimization Under Estimation Risk In “Maximizing the Out-of-Sample Sharpe Ratio,” the author studies how investors can optimize their out-of-sample Sharpe ratio when the mean vector and covariance matrix of asset returns are estimated from limited historical data. The author derives analytical expressions for the expectation and variance of the out-of-sample Sharpe ratio for portfolio rules located on the sample mean-variance efficient frontier. With these results at hand, the author identifies the optimal location on the efficient frontier in the presence of estimation risk. The author provides simulation and empirical evidence demonstrating the benefits of the proposed portfolio rules relative to several benchmarks. This paper extends the mathematical toolkit for portfolio selection under parameter uncertainty by addressing the challenge of optimizing the out-of-sample Sharpe ratio in a nonasymptotic setting.",Operations Research,2026-09-01,journal-article,https://doi.org/10.1287/opre.2025.2500,1526-5463,Operations Research,OR&MANSCI,Institute for Operations Research and the Management Sciences,4*,4*,4*
10.1287/mnsc.2024.07050,The Impact of Gender Information on Hiring Decisions Based on Self-Set Performance Targets,Katharina Werner; Susanna Grundmann; Bettina Rockenbach,"Department of Economics, Faculty of Management, Economics and Social Sciences, University of Cologne, D-50923 Cologne, Germany; and Department of Economics and Finance, OMNES Education, International University of Monaco, OMNES Education, 98000 Principality of Monaco, Monaco; Department of Economics, Faculty of Management, Economics and Social Sciences, University of Cologne, D-50923 Cologne, Germany","Gender-anonymous hiring practices have been widely advocated as a means to reduce labor market inequalities, such as the gender wage gap and the underrepresentation of women in leadership. However, their effectiveness remains debated. This paper studies an experimental labor market where employee candidates set their own performance targets for a real-effort task and employers hire based on these self-set targets. In many professional settings, such targets serve as performance indicators and influence hiring and promotion decisions. In an online experiment with 4,674 participants, we vary in a 2 × 2 design (1) whether employers know the candidates’ genders and (2) the severity of the payoff consequences if the hired employee misses their target. This allows us to examine the interaction effects of gender anonymity in hiring and the performance target’s payoff relevance. We find that given equal ability, women set lower targets than men. Higher targets increase the likelihood of being hired, whereas a larger expected target-performance gap reduces hiring chances, particularly when missing the target has severe consequences for the employer. Importantly, our findings suggest that gender-anonymous applications may have unintended consequences. When gender is revealed, employers appear to adjust for gender differences in target setting, expecting a smaller target-performance gap for women than for men. As a result, women are more likely to be hired and receive higher payoffs when their gender is known. These results indicate that gender-anonymous hiring may backfire for women by preventing employers from accounting for behavioral gender differences (e.g., in self-promotion), ultimately reducing women’s hiring prospects. This paper was accepted by Dorothea Kübler, behavioral economics and decision analysis. Funding: This work was supported by the Deutsche Forschungsgemeinschaft (DFG, German Research Foundation) under Germany’s Excellence Strategy [Grant EXC 2126/1–390838866]. Supplemental Material: The online appendix and data files are available at https://doi.org/10.1287/mnsc.2024.07050 .",Management Science,2026-09-01,journal-article,https://doi.org/10.1287/mnsc.2024.07050,1526-5501,Management Science,OR&MANSCI,Institute for Operations Research and the Management Sciences,4*,4*,4*
10.1287/mnsc.2022.01740,Group-Sparse Matrix Factorization for Transfer Learning of Word Embeddings,Kan Xu; Xuanyi Zhao; Hamsa Bastani; Osbert Bastani,"W. P. Carey School of Business, Arizona State University, Tempe, Arizona 85281; University of Pennsylvania, Philadelphia, Pennsylvania 19104; Wharton School, University of Pennsylvania, Philadelphia, Pennsylvania 19104","Unstructured text provides decision makers with a rich data source in many domains, ranging from product reviews in retail to nursing notes in healthcare. To leverage this information, words are typically translated into word embeddings—vectors that encode the semantic relationships between words—through unsupervised learning algorithms such as matrix factorization. However, learning word embeddings from new domains with limited training data can be challenging because the meaning/usage may be different in the new domain; for example, the word “positive” typically has positive sentiment, but often has negative sentiment in medical notes because it may imply that a patient tested positive for a disease. In practice, we expect that only a small number of domain-specific words may have new meanings. We propose an intuitive two-stage estimator that exploits this structure via a group-sparse penalty to efficiently transfer learn domain-specific word embeddings by combining large-scale text corpora (such as Wikipedia) with limited domain-specific text data. We bound the generalization error of our transfer learning estimator, proving that it can achieve high accuracy with substantially less domain-specific data when only a small number of embeddings are altered between domains. Furthermore, we prove that all local minima identified by our nonconvex objective function are statistically indistinguishable from the global minimum under standard regularization conditions, implying that our estimator can be computed efficiently. Our results provide the first bounds on group-sparse matrix factorization, which may be of independent interest. We empirically evaluate our approach compared with state-of-the-art fine-tuning heuristics from natural language processing. This paper was accepted by Chung Piaw Teo, optimization. Funding: The authors gratefully acknowledge indispensable financial support from the Wharton Analytics Initiative and the Wharton Dean’s Fund. Supplemental Material: The online appendix and data files are available at https://doi.org/10.1287/mnsc.2022.01740 .",Management Science,2026-09-01,journal-article,https://doi.org/10.1287/mnsc.2022.01740,1526-5501,Management Science,OR&MANSCI,Institute for Operations Research and the Management Sciences,4*,4*,4*
10.1287/isre.2022.0321,"Inflation in Reputation Systems? Newcomers, Veterans, and Socialization within a Platform Community",Mareike Möhlmann; Nicholas Berente; Yoonseock Son; John Lalor,"Bentley University, Information and Process Management, Waltham, Massachusetts, 02452-4705, United States; University of Notre Dame, Mendoza College of Business, Notre Dame, United States; University of Notre Dame, IT, Analytics, and Operations, Notre Dame, Indiana, 46556, United States; University of Notre Dame Mendoza College of Business, IT, Analytics, and Operations, Notre Dame, Indiana, 46556-5646, United States","Rating inflation is prevalent in reputation systems and can reduce their informational value. Through an exploratory mixed‐method study, we examine how and why rating inflation behavior evolves over time as reviewers socialize within an online reputation system platform community. We show that some reviewers are more prone to inflation while others avoid it. We draw on the theory of reciprocity and distinguish among three archetypical phases of reviewers: (1) the Newcomer Phase, (2) the Inflator Phase, and (3) the Veteran Phase. Newcomers who are not yet socialized in the platform community are less likely to inflate their ratings. Inflators exhibit the social norm of direct reviewer reciprocity and inflate their ratings. Veterans, reflecting the social norm of generalized reviewer reciprocity, are less likely to inflate ratings. Instead, they are more candid because they are driven by a commitment to help the platform community. These archetypical phases correspond to reviewers’ increasing socialization within the platform community and exposure to different digital platform affordances. Together, these processes shape which forms of reciprocity become salient over time—whether lacking, direct, or generalized—which consequently drive distinct reviewer behaviors. While most research on rating inflation emphasizes direct reciprocity, we highlight how reviewers can shift toward less inflated behaviors over time, aligning with generalized reciprocity towards the platform community. Thus, this exploratory work suggests an evolutionary process of rating behavior whereby rating inflation follows an inverted U-shape over the reviewer lifecycle.",Information Systems Research,2026-09-01,journal-article,https://doi.org/10.1287/isre.2022.0321,1526-5536,Information Systems Research,INFO MAN,Institute for Operations Research and the Management Sciences,4*,4*,4*
10.1080/00343404.2026.2709242,"The RSA Awards 2026
                    <b>Regional Studies</b>",,,,Regional Studies,2026-09-01,journal-article,https://doi.org/10.1080/00343404.2026.2709242,1360-0591,Regional Studies,"REGIONAL STUDIES, PLANNING AND ENVIRONMENT",Taylor & Francis,4,4,3.0
10.1080/01621459.2026.2696485,Representation Retrieval Learning for Heterogeneous Data Integration,Qi Xu; Annie Qu,"Department of Statistics & Data Science, Carnegie Mellon University; Department of Statistics and Applied Probability, University of California",,Journal of the American Statistical Association,2026-09-01,journal-article,https://doi.org/10.1080/01621459.2026.2696485,1537-274X,Journal of the American Statistical Association,ECON,Taylor & Francis,4,4,4
10.1080/01621459.2026.2721776,Prediction When Factors are Weak,Stefano Giglio; Dacheng Xiu; Dake Zhang,Yale University; University of Chicago; Shanghai Jiao Tong University,,Journal of the American Statistical Association,2026-09-01,journal-article,https://doi.org/10.1080/01621459.2026.2721776,1537-274X,Journal of the American Statistical Association,ECON,Taylor & Francis,4,4,4
10.1080/01621459.2026.2723397,Empirical Bayes in Bayesian learning: understanding a common practice,Stefano Rizzelli; Judith Rousseau; Sonia Petrone,"Department of Statistics, University of Padova; CEREMADE, Université Paris Dauphine and Department of Statistics, University of Oxford; Department of Decision Sciences, Bocconi University",,Journal of the American Statistical Association,2026-09-01,journal-article,https://doi.org/10.1080/01621459.2026.2723397,1537-274X,Journal of the American Statistical Association,ECON,Taylor & Francis,4,4,4
10.1080/00076791.2026.2714148,Spirits made to order: The obscene-supplemental entrepreneurship of modern Spiritualism in Victorian Britain,James Cronin; Sophie James; Christina Goulding,"Marketing Department, Lancaster University; Marketing Department, University of Birmingham",,Business History,2026-09-01,journal-article,https://doi.org/10.1080/00076791.2026.2714148,1743-7938,Business History,BUS HIST & ECON HIST,Taylor & Francis,4,4,3.0
10.1257/jel.47.4.1126.r1,Book Reviews,,,"Gianmarco I. P. Ottaviano of Bocconi University reviews “Economic Geography: The Integration of Regions and Nations” by Pierre-Philippe Combes, Thierry Mayer, Jacques-Francois Thisse,. The EconLit Abstract of the reviewed work begins “Provides advanced undergraduate and graduate students with an introduction to the field of spatial economics. Discusses spatial inequalities--a brief historical overview; space in economic thought; monopolistic competition; interregional trade and market size; gravity and trade costs; the core-periphery structure; intermediate goods and the evolution of regional disparities; the bell-shaped curve of spatial development; spatial competition; measuring spatial concentration; determinants of spatial concentration and local productivity; the empirics of economic geography; and theory with numbers. Combes is CNRS Research Professor of Economics at the University of Aix-Marseille. Mayer is Professor of Economics at the University of Paris I Pantheon-Sorbonne. Thisse is Professor of Economics at the Catholic University of Louvain and Professor at the Ecole Nationale des Ponts et Chaussees. Index.”",Journal of Economic Literature,2009-12-01,journal-article,https://doi.org/10.1257/jel.47.4.1126.r1,2328-8175,Journal of Economic Literature,ECON,American Economic Association,4,4,4
10.1257/jel.47.4.1126.r10,Book Reviews,,,"Antonio Spilimbergo of CEPR, CReAm, and International Monetary Fund reviews “Annual World Bank Conference on Development Economics--Regional 2008: Higher Education and Development” by Justin Yifu Lin, Boris Pleskovic,. The EconLit Abstract of the reviewed work begins “Nine papers and eight comments, originally presented at the Nineteenth Annual World Bank Conference on Development Economics held in Beijing in January 2007, examine topics in development policy and the implications for the global economy. Papers discuss skilled labor and the international economy--whence it comes, whither it goes (L. Alan Winters); global returns to higher education--trends, drivers, and policy responses (Francois Bourguignon and F. Halsey Rogers); higher education financing in East Asia--policy implications for China (Weifang Min); higher education and international migration in Asia--brain circulation (Mark R. Rosenzweig); intersectoral interfaces in higher education development--private and public in sync? (Daniel C. Levy); financing higher education--lessons from developed economies, options for developing economies (Nicholas Barr); wellsprings of modern economic growth--higher education, innovation, and local economic development (Maryann P. Feldman and Ian I. Stewart); higher education, innovation, and economic development (Bengt-Ake Lundvall); and higher education and the labor market in India (Pawan Agarwal). Lin is Chief Economist and Senior Vice President of the World Bank. Pleskovic is Research Manager in Development Economics at the World Bank. No index.”",Journal of Economic Literature,2009-12-01,journal-article,https://doi.org/10.1257/jel.47.4.1126.r10,2328-8175,Journal of Economic Literature,ECON,American Economic Association,4,4,4
10.1257/jel.47.4.1126.r11,Book Reviews,,,"Claudio E. Raddatz of World Bank reviews “Bond Markets in Latin America: On the Verge of a Big Bang?” by Eduardo Borensztein, Kevin Cowan, Barry Eichengreen, Ugo Panizza,. The EconLit Abstract of the reviewed work begins “Nine papers examine the importance of local bond market development in Latin America through case studies of six countries, surveys of firms and investors, and a cross-country economic analysis of the determinants of bond market development. Papers discuss building bond markets in Latin America; how emerging market economies can benefit from a corporate bond market; development of the Mexican bond market; corporate bond markets in Argentina; development of Colombian bond markets; development of the Chilean corporate bond market; development of the Brazilian bond market; the fixed-income market in Uruguay; and prospects for Latin American bond markets--a cross-country view. Borensztein is Advisor in the Research Department of the International Monetary Fund. Cowan is Senior Economist in the Financial Stability Division of the Central Bank of Chile. Eichengreen is George C. Pardee and Helen N. Pardee Professor of Economics and Political Science at the University of California, Berkeley. Panizza is Chief of the Debt and Finance Analysis Unit in the Division on Globalization and Development Strategies at the United Nations Conference on Trade and Development. Index.”",Journal of Economic Literature,2009-12-01,journal-article,https://doi.org/10.1257/jel.47.4.1126.r11,2328-8175,Journal of Economic Literature,ECON,American Economic Association,4,4,4
10.1257/jel.47.4.1126.r12,Book Reviews,,,"Stephen C. Smith of George Washington University reviews “Portfolios of the Poor: How the World’s Poor Live on $2 a Day” by Daryl Collins, Jonathan Morduch, Stuart Rutherford, Orlanda Ruthven,. The EconLit Abstract of the reviewed work begins “Presents a systematic analysis of how the world’s poor find financial solutions to living on incomes of two dollars a day or less, drawing upon financial diaries of families in Bangladesh, India, and South Africa. Discusses the portfolios of the poor; the daily grind; dealing with risk; building blocks--creating usefully large sums; the price of money; rethinking microfinance--the Grameen II diaries; and better portfolios. Collins is Senior Associate at Bankable Frontier Associates in Boston. Morduch is Professor of Public Policy and Economics at New York University. Rutherford is founder of the SafeSave microfinance institution. Ruthven recently completed a doctoral degree in international development. Bibliography; index.”",Journal of Economic Literature,2009-12-01,journal-article,https://doi.org/10.1257/jel.47.4.1126.r12,2328-8175,Journal of Economic Literature,ECON,American Economic Association,4,4,4
10.1257/jel.47.4.1126.r13,Book Reviews,,,"Daniel Rosenblum of Dalhousie University reviews “Measuring Inequality of Opportunities in Latin America and the Caribbean” by Ricardo Paes de Barros, Francisco H. G. Ferreira, Jose R. Molinas Vega, Jaime Saavedra Chanduvi,. The EconLit Abstract of the reviewed work begins “Considers methods of measuring the level of inequality of opportunity in Latin America. Discusses inequality of opportunity--what it is, how it can be measured, and why it matters; a Human Opportunity Index for children; uses and policy applications of the Human Opportunity Index; inequality of economic opportunity in seven Latin American countries; and inequality of opportunity in educational achievement in five Latin American countries. De Barros is a researcher at the Instituto de Pesquisa Economica Aplicada. Ferreira is Lead Economist with the Development Research Group at the World Bank. Molinas Vega is Senior Economist with the Poverty Reduction and Economic Management Unit in the Latin America and the Caribbean Region at the World Bank. Saavedra Chanduvi is a manager for the Poverty and Gender Group of the Poverty Reduction and Economic Management Unit in the Latin America and the Caribbean Region of the World Bank. Index.”",Journal of Economic Literature,2009-12-01,journal-article,https://doi.org/10.1257/jel.47.4.1126.r13,2328-8175,Journal of Economic Literature,ECON,American Economic Association,4,4,4
10.1257/jel.47.4.1126.r14,Book Reviews,,,"Daniel J. Benjamin of Cornell University reviews “Free Market Madness: Why Human Nature Is at Odds with Economics--And Why It Matters” by Peter A. Ubel,. The EconLit Abstract of the reviewed work begins “Examines the effect of the combination of human nature and free markets on our health and well-being, and considers whether the government should regulate the markets that reward those who exploit human weakness. Discusses the invisible hand meeting the unconscious brain; whether the obesity epidemic is a consequence of rational choices; bank tellers, fighter pilots, and the limits of rationality; cashews, coffee mugs, and the birth of behavioral economics; kinder, gentler paternalism; irrational tastes and bottomless soup bowls; impulsive behavior and the battle between our current and future selves; spacious lawns and long commutes; risky feelings and cigarette breaks; the price of life and the cost of health care; marketing and the science of persuasion; balancing liberty and the pursuit of well-being; and whether the government can combat obesity without becoming a “nanny state.” Ubel is a physician and Director of the Center for Behavioral and Decision Sciences in Medicine at the University of Michigan. Index.”",Journal of Economic Literature,2009-12-01,journal-article,https://doi.org/10.1257/jel.47.4.1126.r14,2328-8175,Journal of Economic Literature,ECON,American Economic Association,4,4,4
10.1257/jel.47.4.1126.r15,Book Reviews,,,"Jacob L. Vigdor of Duke University reviews “Risking House and Home: Disasters, Cities, Public Policy” by John M. Quigley, Larry A. Rosenthal,. The EconLit Abstract of the reviewed work begins “Nine papers, originally presented at the Berkeley Symposium on Real Estate, Catastrophic Risk, and Public Policy held in March 2006, examine the use of risk assessment in contending with the devastation caused by war, terrorism, and natural forces. Papers discuss public versus private underwriting of catastrophic risk--lessons from the California Earthquake Authority; financing catastrophe insurance--a new proposal; reflections on U.S. disaster insurance policy for the twenty-first century; obstacles to clear thinking about natural disasters--five lessons for policy; macroeconomic impacts of catastrophic events--the influence of resilience; Hurricane Katrina--catastrophic impacts and alarming lessons; economic resilience, fiscal resilience, and federalism--evidence from 9/11; the economic impacts of alternative terrorist attacks on the twin ports of Los Angeles-Long Beach; and socioeconomic differences in household automobile ownership rates--implications for evacuation policy. Quigley is I. Donald Terner Distinguished Professor, and Rosenthal is Executive Director of the Program on Housing and Urban Policy, at the University of California, Berkeley. No index.”",Journal of Economic Literature,2009-12-01,journal-article,https://doi.org/10.1257/jel.47.4.1126.r15,2328-8175,Journal of Economic Literature,ECON,American Economic Association,4,4,4
10.1257/jel.47.4.1126.r16,Book Reviews,,,"Raymond B. Palmquist of North Carolina State University reviews “Hedonic Methods in Housing Markets: Pricing Environmental Amenities and Segregation” by Andrea Baranzini, Jose Ramirez, Caroline Schaerer, Philippe Thalmann,. The EconLit Abstract of the reviewed work begins “Ten papers, resulting from a workshop held at the Geneva School of Business Administration in June 2007, consider the use and advancement of the hedonic approach to analyze and quantify the sources of rent and property price differentials in the housing market. Papers discuss theoretical foundations and empirical developments in hedonic modeling; hedonic modeling of the home selling process; hedonic property value studies of transportation noise--aircraft and road traffic; pricing the homebuyer’s countryside view; semiparametric tools for spatial hedonic models--an introduction to mixed geographically weighted regression and geoadditive models; estimating hedonic models of consumer demand with an application to urban sprawl; conceptual and operational issues in incorporating segregation measurements in hedonic price modeling; using hedonic models to measure racial discrimination and prejudice in the U.S. housing market; the problem with environmental justice studies, and how hedonics can help; and distinguishing racial preferences in the housing market--theory and evidence. Baranzini, Ramirez, and Schaerer are in the Geneva School of Business Administration at the University of Applied Sciences Western Switzerland. Thalmann is at the Ecole Polytechnique Federale de Lausanne. Name and subject indexes.”",Journal of Economic Literature,2009-12-01,journal-article,https://doi.org/10.1257/jel.47.4.1126.r16,2328-8175,Journal of Economic Literature,ECON,American Economic Association,4,4,4
10.1257/jel.47.4.1126.r17,Book Reviews,,,"Richard R. Nelson of Columbia University and the University of Manchester reviews “Morals and Markets: An Evolutionary Account of the Modern World” by Daniel Friedman,. The EconLit Abstract of the reviewed work begins “Explores how human morals and markets work together to shape the world. Discusses the Savanna Code--what good morals are; bazaar and empire--how we became civilized and why we started shopping; the great transformation--why the modern world is so rich; utopias of cooperation--romantics, communists, and other antimoderns; Russia’s transition to kleptocracy--when markets need morals; Japan’s economic bubbles and crashes--when morals choke markets; towers of trust--the rise (and occasional crash) of financial markets; the move from Hudson’s Bay to eBay--why some people like going to work; markets for crime and for punishment; mullahs’ revenge--gangs, cults, and antiterrorists; cooling the Earth--environmental markets and morals; and future morals and markets--whether this marriage can be saved. Friedman is Professor of Economics at the University of California, Santa Cruz. Bibliography; index.”",Journal of Economic Literature,2009-12-01,journal-article,https://doi.org/10.1257/jel.47.4.1126.r17,2328-8175,Journal of Economic Literature,ECON,American Economic Association,4,4,4
10.1257/jel.47.4.1126.r2,Book Reviews,,,"Lee E. Ohanian of University of California, Los Angeles reviews “The ABCs of RBCs: An Introduction to Dynamic Macroeconomic Models” by George McCandless,. The EconLit Abstract of the reviewed work begins “Provides a basic introduction to real business cycle and New Keynesian models. Discusses the basic Solow model; savings in an overlapping generations model; infinitely lived agents; recursive deterministic models; recursive stochastic models; Gary Hansen’s real business cycle model; linear quadratic dynamic programming; money--cash in advance; money in the utility function; the staggered pricing model; staggered wage setting; financial markets and monetary policy; and small open economy models. McCandless is an economist at the Central Bank of Argentina. Index.”",Journal of Economic Literature,2009-12-01,journal-article,https://doi.org/10.1257/jel.47.4.1126.r2,2328-8175,Journal of Economic Literature,ECON,American Economic Association,4,4,4
10.1257/jel.47.4.1126.r3,Book Reviews,,,"Vincenzo Galasso of Bocconi University and IGIER reviews “Endogenous Public Policy and Contests” by Gil S. Epstein, Shmuel Nitzan,. The EconLit Abstract of the reviewed work begins “Examines endogenous policy determination, focusing on the role of interest groups and their lobbying efforts in the determination of public policy. Discusses the policy contest; contest rationalization--microfoundations; endogenous public policy; culture, politicization, and relative rent dissipation; lobbying and compromise; effort and performance; prizes (size and distribution) and efforts; asymmetry and corrective public policy; the social cost of rent seeking when consumer opposition influences monopoly behavior; strategic restraint; monopoly-price determination; privatization; migration policy; minimum wage; and tournaments. Epstein is with the faculty of the Department of Economics, and Nitzan is Sir Isaac Wolfson Chair in Economics, at Bar-Ilan University. Name and subject indexes.”",Journal of Economic Literature,2009-12-01,journal-article,https://doi.org/10.1257/jel.47.4.1126.r3,2328-8175,Journal of Economic Literature,ECON,American Economic Association,4,4,4
10.1257/jel.47.4.1126.r4,Book Reviews,,,"Michael A. Williams of Competition Economics reviews “Truth or Economics: On the Definition, Prediction, and Relevance of Economic Efficiency” by Richard S. Markovits,. The EconLit Abstract of the reviewed work begins “Considers the way in which scholars and public decisionmakers define, predict, and assess the moral and legal relevance of economic efficiency. Discusses the correct definition of the impact of a choice on economic (allocative) efficiency; a critique of the definitions of and tests for economic efficiency that economists and law and economics scholars use; the distortion analysis approach to economic efficiency assessment; some second-best-theory critiques of canonical allocative efficiency analyses and of the standard justifications for ignoring second best; the prescriptive moral and legal relevance of allocative efficiency conclusions; and a critique of various relevance arguments made by economists and law and economics scholars. Markovits is John B. Connally Chair in Law at the University of Texas Law School. Glossary; index.”",Journal of Economic Literature,2009-12-01,journal-article,https://doi.org/10.1257/jel.47.4.1126.r4,2328-8175,Journal of Economic Literature,ECON,American Economic Association,4,4,4
10.1257/jel.47.4.1126.r5,Book Reviews,,,"Ming Hsu of University of California, Berkeley reviews “Midbrain Mutiny: The Picoeconomics and Neuroeconomics of Disordered Gambling: Economic Theory and Cognitive Science” by Don Ross, Carla Sharp, Rudy Vuchinich, David Spurrett,. The EconLit Abstract of the reviewed work begins “Examines different economic models of disordered gambling, using the frameworks of neuroeconomics and picoeconomics, and drawing on empirical evidence about behavior and the brain. Discusses whether there is such a thing as addiction; gambling in scientific focus; picoeconomics, impulsive consumption, and disordered gambling; behavioral and psychological investigations of disordered gambling; the neuroeconomics of addiction; addictive gambling as the basic form of addiction; clinical evidence and implications; and the microexplanation of disordered gambling. Ross is Professor of Philosophy and Professor of Economics at the University of Alabama at Birmingham, and Professor of Economics at the University of Cape Town. Sharp is Assistant Professor in the Menninger Department of Psychiatry and Behavioral Sciences at Baylor College of Medicine. Vuchinich is Professor of Psychology at the University of Alabama at Birmingham. Spurrett is Professor of Philosophy and Director of the Cognitive Science Program at the Howard College Campus of the University of KwaZulu-Natal. Index.”",Journal of Economic Literature,2009-12-01,journal-article,https://doi.org/10.1257/jel.47.4.1126.r5,2328-8175,Journal of Economic Literature,ECON,American Economic Association,4,4,4
10.1257/jel.47.4.1126.r6,Book Reviews,,,"Justine S. Hastings of Yale University and NBER reviews “Nudge: Improving Decisions about Health, Wealth, and Happiness” by Richard H. Thaler, Cass R. Sunstein,. The EconLit Abstract of the reviewed work begins “Examines how we can apply the new science of choice architecture to nudge people toward favorable life decisions. Discusses biases and blunders; resisting temptation; following the herd; when we need a nudge; choice architecture; saving more tomorrow; naive investing; credit markets; privatizing social security--smorgasbord style; prescription drugs; how to increase organ donations; saving the planet; improving school choices; whether patients should be forced to buy lottery tickets; privatizing marriage; a dozen nudges; objections; and the real third way. Thaler is Ralph and Dorothy Keller Distinguished Service Professor of Behavioral Science and Economics, and Director of the Center for Decision Research in the Graduate School of Business at the University of Chicago. Sunstein is Karl N. Llewellyn Distinguished Service Professor of Jurisprudence in the School of Law and is in the Department of Political Science at the University of Chicago. Bibliography; index.”",Journal of Economic Literature,2009-12-01,journal-article,https://doi.org/10.1257/jel.47.4.1126.r6,2328-8175,Journal of Economic Literature,ECON,American Economic Association,4,4,4
10.1257/jel.47.4.1126.r7,Book Reviews,,,"Anand V. Swamy of Williams College reviews “Reinventing Foreign Aid” by William Easterly,. The EconLit Abstract of the reviewed work begins “Nineteen papers examine how to improve foreign aid and reduce poverty in the developing world. Papers discuss making aid work; the use of randomization in the evaluation of development effectiveness; whether it pays to be ignorant--a simple political economy of rigorous program evaluation; solutions when the solution is the problem--arraying the disarray in development; donors and service delivery; the illusion of sustainability; an aid-institutions paradox--a review essay on aid dependency and state building in sub-Saharan Africa; why aid agencies exist; absorption capacity and disbursement constraints; donor fragmentation; the International Monetary Fund and economic development; the knowledge bank; debt relief and fiscal sustainability for heavily indebted poor countries; making vaccines pay; whether we can build a better mousetrap--three new institutions designed to improve aid effectiveness; competing with central planning--marketplaces for international aid; placing enterprise and business thinking at the heart of the war on poverty; avoiding hubris--and other lessons for reformers; and seven deadly sins--reflections on donor failings. Easterly is Professor of Economics and Codirector of the Development Research Institute at New York University. Index.”",Journal of Economic Literature,2009-12-01,journal-article,https://doi.org/10.1257/jel.47.4.1126.r7,2328-8175,Journal of Economic Literature,ECON,American Economic Association,4,4,4
10.1257/jel.47.4.1126.r8,Book Reviews,,,"Juhani T. Linnainmaa of University of Chicago reviews “The Heretics of Finance: Conversations with Leading Practitioners of Technical Analysis” by Andrew W. Lo, Jasmina Hasanhodzic,. The EconLit Abstract of the reviewed work begins “Presents interviews with fourteen practitioners of technical analysis and explores the craft and culture of the field. Provides profiles of Ralph J. Acampora, Laszlo Birinyi Jr., Walter Deemer, Paul F. Desmond, Gail M. Dudack, Robert J. Farrell, Ian McAvity, John J. Murphy, Robert R. Prechter Jr., Linda Bradford Raschke, Alan R. Shaw, Anthony W. Tabell, and Stan Weinstein. Discusses conviction--countering the skeptics and the scoundrels; the evolution of technical analysis; luck, astrology, and other unsanctioned signs; creativity, talent, and the art of the craft; the challenge of emotions; the path to success; and favorite patterns and indicators. Lo is Harris &amp; Harris Group Professor of Finance at the Sloan School of Management and Director of the Laboratory for Financial Engineering at the Massachusetts Institute of Technology. Hasanhodzic is a research scientist with AlphaSimplex Group. Index.”",Journal of Economic Literature,2009-12-01,journal-article,https://doi.org/10.1257/jel.47.4.1126.r8,2328-8175,Journal of Economic Literature,ECON,American Economic Association,4,4,4
10.1257/jel.47.4.1126.r9,Book Reviews,,,"Rebecca L. Thornton of University of Michigan reviews “Global Lessons from the AIDS Pandemic: Economic, Financial, Legal and Political Implications” by Bradly J. Condon, Tapen Sinha,. The EconLit Abstract of the reviewed work begins “Presents an interdisciplinary perspective on solutions to the global HIV/AIDS pandemic. Discusses HIV/AIDS prevention and treatment strategies in developed and developing countries; insurance, mortality, treatment costs, and the business impact of HIV/AIDS in developed and developing countries; the economics of HIV/AIDS; the political economy of patents and global health threats; global diseases, global patents, and developing countries in World Trade Organization law; bilateral and multilateral financing of HIV/AIDS programs--the World Bank, the International Monetary Fund, the Global Fund, bilateral donors, and the private sector; the successes and failures of global health organizations--the World Health Organization, the United Nations Joint Programme on HIV/AIDS, Medicins sans Frontieres, and the U.S. President’s Emergency Plan for AIDS Relief; and the way forward--prevention, treatment, and human rights. Condon is Professor of International Trade Law and International Business at the Instituto Tecnologico Autonomo de Mexico and Senior Fellow in the Tim Fischer Centre for Global Trade and Finance in the School of Law, at Bond University. Sinha is ING Comercial America Chair Professor in the Department of Actuarial Studies and Director of the International Center for Pension Research at the Instituto Tecnologico Autonomo de Mexico. Index.”",Journal of Economic Literature,2009-12-01,journal-article,https://doi.org/10.1257/jel.47.4.1126.r9,2328-8175,Journal of Economic Literature,ECON,American Economic Association,4,4,4
10.1257/jel.47.3.801.r1,Book Reviews,,,"Peter Cappelli of University of Pennsylvania reviews “The Economics of Imperfect Labor Markets” by Tito Boeri, Jan van Ours,. The EconLit Abstract of the reviewed work begins “Advanced undergraduate and early graduate textbook examines imperfectly competitive labor markets and provide a systematic framework for analyzing how labor institutions function and interact in these markets. Discusses minimum wages; unions and collective bargaining; payroll taxes; regulation of working hours; retirement programs; family policies; education and training; migration policies; employment protection legislation; unemployment benefits; active labor market policies; and institutional interactions. Includes end-of-chapter exercises. Boeri is Professor of Economics at Bocconi University and Scientific Director of the Fondazione Rodolfo Debenedetti. Van Ours is Professor of Labor Economics at Tilburg University and Professorial Fellow in Economics at the University of Melbourne. Index.”",Journal of Economic Literature,2009-09-01,journal-article,https://doi.org/10.1257/jel.47.3.801.r1,2328-8175,Journal of Economic Literature,ECON,American Economic Association,4,4,4
10.1257/jel.47.3.801.r10,Book Reviews,,,"Gerard Roland of University of California, Berkeley and CEPR reviews “Globalisation, Development and Transition: Conversations with Eminent Economists” by Brian Snowdon,. The EconLit Abstract of the reviewed work begins “Provides a comprehensive survey of the major economic issues that have helped shape the modern world. Discusses the fall and rise of globalization; economic development in historical perspective; and the rise and fall of the socialist system and the trials of transition. Includes interviews with eleven leading economists. Snowdon is Professor of Economics and International Business in the Newcastle Business School at Northumbria University. Bibliography; index.”",Journal of Economic Literature,2009-09-01,journal-article,https://doi.org/10.1257/jel.47.3.801.r10,2328-8175,Journal of Economic Literature,ECON,American Economic Association,4,4,4
10.1257/jel.47.3.801.r11,Book Reviews,,,"Anne O. Krueger of Johns Hopkins University reviews “Fixing Global Finance” by Martin Wolf,. The EconLit Abstract of the reviewed work begins “Analyzes the weaknesses of the global financial system of the early twenty-first century and considers possibilities for a different international financial architecture. Discusses learning lessons; blessings and perils of global finance; the move from crises to imbalances; the calm before a storm; the move toward adjustment and domestic reform; the move toward global reform; and the move toward a more stable world. Wolf is Professor of Economics at the University of Nottingham. Index.”",Journal of Economic Literature,2009-09-01,journal-article,https://doi.org/10.1257/jel.47.3.801.r11,2328-8175,Journal of Economic Literature,ECON,American Economic Association,4,4,4
10.1257/jel.47.3.801.r12,Book Reviews,,,"John Diamond of Rice University reviews “Tax Policy and Labor Market Performance” by Jonas Agell, Peter Birch Sorensen,. The EconLit Abstract of the reviewed work begins “Eight papers, originally presented at the CESifo Summer Institute held in July 2003 in Venice, analyze the effect of tax policy and welfare state incentives on the performance of the labor market. Papers discuss tax policy and labor market performance (A. Lans Bovenberg); work and taxes (Stephen Nickell); whether social policies harm employment and growth--second-best effects of taxes and benefits on employment (Frederick van der Ploeg); welfare effects of tax reform and labor supply at the intensive and extensive margins (Nada Eissa, Henrik Jacobsen Kleven, and Claus Thustrup Kreiner); the hours of work response of married couples--taxes and the earned income credit (‘Eissa and Hilary Hoynes); progressive taxation and wages--microevidence (Torben Tranas, Soren Arnberg, and Anders Holm); insiders, outsiders, and the underground economy (Dan Anderberg); and wages, unemployment, and the underground economy (Ann-Sofie Kolm and Birthe Larsen). Agell is Professor of Economics at Stockholm University. Sorensen is Professor of Macroeconomic Theory and Policy at the University of Copenhagen. Index.”",Journal of Economic Literature,2009-09-01,journal-article,https://doi.org/10.1257/jel.47.3.801.r12,2328-8175,Journal of Economic Literature,ECON,American Economic Association,4,4,4
10.1257/jel.47.3.801.r13,Book Reviews,,,"John Diamond of Rice University reviews “Taxing Corporate Income in the 21st Century” by Alan J. Auerbach, James R. Hines, Joel Slemrod,. The EconLit Abstract of the reviewed work begins “Nine papers and eighteen comments, originally presented at a conference held at the Stephen M. Ross School of Business at the University of Michigan in May 2005, explore issues surrounding the corporation income tax. Papers discuss the effects of taxes on market responses to dividend announcements and payments--what we can learn from the 2003 dividend tax cut; dissecting dividend decisions--some clues about the effects of dividend taxation from recent U.K. reforms; the 2003 dividend tax cuts and the value of the firm--an event study; how elastic the corporate income tax base is; an empirical examination of corporate tax noncompliance; the extent, growth, and efficiency consequences of state business tax planning; corporate taxation and international competition; the changing role of auditors in corporate tax planning; and taxation and the evolution of aggregate corporate ownership concentration. Auerbach is Robert D. Burch Professor of Economics and Law and Director of the Burch Center for Tax Policy and Public Finance at the University of California, Berkeley. Hines is Richard A. Musgrave Collegiate Professor of Economics and Professor of Law at the University of Michigan. Slemrod is Paul W. McCracken Collegiate Professor of Business Economics and Public Policy at the University of Michigan. Index.”",Journal of Economic Literature,2009-09-01,journal-article,https://doi.org/10.1257/jel.47.3.801.r13,2328-8175,Journal of Economic Literature,ECON,American Economic Association,4,4,4
10.1257/jel.47.3.801.r14,Book Reviews,,,"John Diamond of Rice University reviews “Reining in the Competition for Capital” by Ann Markusen,. The EconLit Abstract of the reviewed work begins “Eight papers, originally presented at a conference hosted by the University of Minnesota’s Humphrey Institute of Public Affairs in the spring of 2004, explore the causes, character, and potential remedies for the growing spatial competition for capital. Papers discuss institutional and political determinants of incentive competition (Ann Markusen and Katherine Nesse); the sources and processes of tax and subsidy competition (Kenneth P. Thomas); the fiscal consequences of competition for capital (Peter Fisher); how the European Union manages subsidy competition (Adinda Sinnaeve); solving the problems of economic development incentives (Timothy J. Bartik); negotiating the ideal deal--which local governments have the most bargaining leverage (Rachel Weber); whether better job creation subsidies hold real promise for business incentive reformers (William Schweke); and nine concrete ways to curtail the economic war among the states (Greg LeRoy). Markusen is a professor in the Urban and Regional Planning Graduate Program and Director of the Project on Regional and Industrial Economics at the Humphrey Institute of Public Affairs, University of Minnesota. Index.”",Journal of Economic Literature,2009-09-01,journal-article,https://doi.org/10.1257/jel.47.3.801.r14,2328-8175,Journal of Economic Literature,ECON,American Economic Association,4,4,4
10.1257/jel.47.3.801.r15,Book Reviews,,,"Firouz Gahvari of University of Illinois at Urbana-Champaign reviews “International Perspectives on Social Security Reform” by Rudolph G. Penner,. The EconLit Abstract of the reviewed work begins “Six papers and twelve comments, originally presented at an Urban Institute conference held in February 2006, examine social security reform in six OECD countries. Papers discuss Canada (Real Bouchard); Sweden (Agneta Kruse and Edward Palmer); Japan (Tetsuo Kabe); Germany (Michael Mersmann); the United Kingdom (Alex Beer); and Italy (Alicia Puente Cackley, Tom Moscovitch, and Benjamin Pfeiffer). Penner is Senior Fellow and holds the Arjay and Frances Miller Chair in Public policy at the Urban Institute. Index.”",Journal of Economic Literature,2009-09-01,journal-article,https://doi.org/10.1257/jel.47.3.801.r15,2328-8175,Journal of Economic Literature,ECON,American Economic Association,4,4,4
10.1257/jel.47.3.801.r16,Book Reviews,,,"Jill Horwitz of University of Michigan reviews “Reforming Medicare: Options, Tradeoffs, and Opportunities” by Henry J. Aaron,. The EconLit Abstract of the reviewed work begins “Presents a guide to the debate over medicare reform in the United States. Discusses Medicare reform--the stakes; a Medicare primer; goals, performance, and options for Medicare; strengthening Medicare as a social insurance program; premium support; consumer-directed Medicare; and assessing Medicare reform options and prospects. Aaron is Senior Fellow in Economic Studies and Bruce and Virginia MacLaury Chair at the Brookings Institution. Lambrew is Associate Professor in the Lyndon B. Johnson School of Public Affairs at the University of Texas AT Austin, and Senior Fellow at the Center for American Progress. Index.”",Journal of Economic Literature,2009-09-01,journal-article,https://doi.org/10.1257/jel.47.3.801.r16,2328-8175,Journal of Economic Literature,ECON,American Economic Association,4,4,4
10.1257/jel.47.3.801.r17,Book Reviews,,,"Ed Hopkins of University of Edinburgh reviews “Happiness: A Revolution in Economics” by Bruno S. Frey,. The EconLit Abstract of the reviewed work begins “Explores the major developments of happiness research in economics and considers the new insights we have gained into how income, unemployment, inflation, and income demonstration affect well-being. Discusses research on happiness; the relationship of happiness to utility; how income affects happiness; how unemployment affects happiness; how inflation and inequality affect happiness; the public sphere; self-employment and voluntary work; marriage and happiness; watching television; procedural utility; mispredicting utility; the value of public goods; happiness policies; happiness and political institutions; and a revolution in economics. Frey is Professor of Economics at the University of Zurich and Research Director of the Center for Research in Economics, Management, and the Arts. Index.”",Journal of Economic Literature,2009-09-01,journal-article,https://doi.org/10.1257/jel.47.3.801.r17,2328-8175,Journal of Economic Literature,ECON,American Economic Association,4,4,4
10.1257/jel.47.3.801.r18,Book Reviews,,,"Gary Burtless of The Brookings Institution reviews “The Competition of Ideas: The World of the Washington Think Tanks” by Murray Weidenbaum, Jeanne M. Lambrew,. The EconLit Abstract of the reviewed work begins “Examines the political economy of the Washington, D.C. think tanks. Discusses the challenge facing think tanks; basic data on Washington think tanks; the five major think tanks; making some comparisons; how think tanks operate; think tanks and business; and measuring the influence of think tanks. Weidenbaum is Edward Mallinckrodt Distinguished University Professor of Economics at Washington University in St. Louis. Index.”",Journal of Economic Literature,2009-09-01,journal-article,https://doi.org/10.1257/jel.47.3.801.r18,2328-8175,Journal of Economic Literature,ECON,American Economic Association,4,4,4
10.1257/jel.47.3.801.r19,Book Reviews,,,"Nicholas Barr of London School of Economics and Political Science reviews “When I’m Sixty-Four: The Plot against Pensions and the Plan to Save Them” by Teresa Ghilarducci,. The EconLit Abstract of the reviewed work begins “Examines the looming retirement crisis for baby boomers and others who hope to retire in the coming years, and considers a plan to guarantee retirement security for every working citizen. Discusses hope for retirement’s future; the collapse of retirement income; when bad things happen to good pensions--when promises get broken; do-it-yourself pensions; the future of social security; the short history of old age leisure in America; the distribution of retirement time--who really gets to retire; working--the new retirement’s effect on the economy; the American labor movement--advocating retirement and obtaining pensions; and a rescue plan for American workers’ retirement--averting the end of retirement. Ghilarducci is Irene and Bernard L. Schwartz Chair of Economic Policy Analysis at the New School for Social Research, and Wurf Fellow at Harvard University School of Law. Glossary; bibliography; index.”",Journal of Economic Literature,2009-09-01,journal-article,https://doi.org/10.1257/jel.47.3.801.r19,2328-8175,Journal of Economic Literature,ECON,American Economic Association,4,4,4
10.1257/jel.47.3.801.r2,Book Reviews,,,"Lawrence R. Glosten of Columbia University reviews “Information and Learning in Markets: The Impact of Market Microstructure” by Xavier Vives,. The EconLit Abstract of the reviewed work begins “Graduate-level textbook analyzes how markets aggregate information and examines the impacts of specific market arrangements on the aggregation process and overall performance of financial markets. Discusses aggregation of information in simple market mechanisms--large markets; aggregation of information in simple market mechanisms--how large is large; rational expectations and supply function competition; rational expectations and market microstructure in financial markets; strategic traders in financial markets; learning from others and herding; dynamic information aggregation; dynamic rational expectations models in competitive financial markets; and price and information dynamics in financial markets. Includes end-of-chapter exercises. Vives is Professor of Economics and Finance at the IESE Business School at the University of Navarra. Index.”",Journal of Economic Literature,2009-09-01,journal-article,https://doi.org/10.1257/jel.47.3.801.r2,2328-8175,Journal of Economic Literature,ECON,American Economic Association,4,4,4
10.1257/jel.47.3.801.r20,Book Reviews,,,"Mirjam van Praag of University of Amsterdam reviews “Race and Entrepreneurial Success: Black-, Asian-, and White-Owned Businesses in the United States” by Robert W. Fairlie, Alicia M. Robb,. The EconLit Abstract of the reviewed work begins “Examines racial disparities in business performance in the United States. Discusses racial disparities in business ownership and outcomes; the determinants of small business success; why African American-owned businesses are less successful; and why Asian-owned businesses are more successful. Fairlie is Professor of Economics at the University of California, Santa Cruz. Robb is Research Associate in Economics at the University of California, Santa Cruz and Senior Economist with Beacon Economics. Index.”",Journal of Economic Literature,2009-09-01,journal-article,https://doi.org/10.1257/jel.47.3.801.r20,2328-8175,Journal of Economic Literature,ECON,American Economic Association,4,4,4
10.1257/jel.47.3.801.r21,Book Reviews,,,"Miki Seko of Keio University reviews “Accelerating Japan’s Economic Growth: Resolving Japan’s Growth Controversy” by F. Gerard Adams, Lawrence R. Klein, Yuzo Kumasaka, Akihiko Shinozaki,. The EconLit Abstract of the reviewed work begins “Explores the impact of the information technology (IT) revolution on the Japanese production function using an econometric model of Japan and simulation studies based on a theoretical framework. Discusses the economic growth record in Japan; the challenges to Japanese economic growth; the IT/e-business revolution and globalization--implications of the New Economy for Japan; IT and productivity growth--a theoretical and empirical framework; the East Asian growth process and IT--implications for Japan; information and communications technology and productivity growth in Japan; revisiting Japanese industrial organization and the corporate system; a case study of government policy and the telecommunications market in Japan; IT-related development and policy--some examples from the United States with relevance to Japan; estimating a new economy production function for Japan; simulation studies for accelerating Japanese economic growth; policies to achieve faster economic growth in Japan; and accelerating Japan’s economic growth. Adams is Professor Emeritus at the University of Pennsylvania. Klein is a Nobel Laureate and Benjamin Franklin Professor Emeritus at the University of Pennsylvania. Kumasaka is CEO of IT Economy Advisers. Shinozaki is a professor at Kyushu University. Index.”",Journal of Economic Literature,2009-09-01,journal-article,https://doi.org/10.1257/jel.47.3.801.r21,2328-8175,Journal of Economic Literature,ECON,American Economic Association,4,4,4
10.1257/jel.47.3.801.r22,Book Reviews,,,"Jessica Goldberg of University of Michigan reviews “Youth in Africa’s Labor Market” by Marito Garcia, Jean Fares,. The EconLit Abstract of the reviewed work begins “Eleven papers examine the challenges African youth face in their transition to work and present a strategy for meeting these challenges. Papers discuss why it is important for Africa to invest in its youth (Marito Garcia and Jean Fares); transitions to working life for Africa’s youth (Garcia and Fares); how Africa’s young people spend their time (Garcia and Fares); the effect of education on income and employment (Garcia and Fares); working in bad jobs or not working at all (Garcia and Fares); the three pillars of policy--lessons from international experience (Garcia and Fares); school-to-work transitions--a regional overview (Lorenzo Guarcello, Marco Manacorda, Furio Rosati, Fares, Scott Lyon, and Cristina Valdivia); what determines labor market participation by youth in Burkina Faso (Daniel Parent); child labor and youth employment in Ethiopia (Guarcello, Lyon, and Rosati); youth in the labor market and the transition from school to work in Tanzania (Florence Kondylis and Manacorda); and how universal primary education affected returns to education and labor market participation in Uganda (Lisa Dragoset and Lars Vilhuber). Garcia is Lead Economist with the World Bank’s Human Development Department, Africa Region. Fares is Senior Economist with the World Bank’s Human Development Network. Index.”",Journal of Economic Literature,2009-09-01,journal-article,https://doi.org/10.1257/jel.47.3.801.r22,2328-8175,Journal of Economic Literature,ECON,American Economic Association,4,4,4
10.1257/jel.47.3.801.r23,Book Reviews,,,"Petra Moser of Stanford University and NBER reviews “Financing Innovation in the United States, 1870 to the Present” by Naomi R. Lamoreaux, Kenneth L. Sokoloff,. The EconLit Abstract of the reviewed work begins “Eleven papers examine the ways in which innovation has been funded in the United States at different stages of economic development, beginning with the post-Civil War period of the Second Industrial Revolution. Papers discuss financing invention during the Second Industrial Revolution--Cleveland, Ohio, 1870-1920; the organizing and financing of innovative companies in the evolution of the U.S. automobile industry; why finance capitalism and the Second Industrial Revolution arose in the 1890s; funding new industries--a historical perspective on the financing role of the U.S. stock market in the twentieth century; stock market swings and the value of innovation, 1908-29; financing fiber--Corning’s invasion of the telecommunications market; the federal role in financing major innovations--information technology during the postwar period; learning the hard way--IBM and the sources of innovation in early computing; trading knowledge--an exploration of patent protection and other determinants of market transactions in technology and research and development; the governance of new firms--a functional perspective; and real effects of knowledge capital on going public and market valuation. Lamoreaux is Professor in the Departments of Economics and History at the University of California, Los Angeles. Sokoloff is Professor of Economics at the University of California, Los Angeles, and Vice President of the Economic… Index.”",Journal of Economic Literature,2009-09-01,journal-article,https://doi.org/10.1257/jel.47.3.801.r23,2328-8175,Journal of Economic Literature,ECON,American Economic Association,4,4,4
10.1257/jel.47.3.801.r24,Book Reviews,,,"John P. Bonin of Wesleyan University reviews “From Socialism to Capitalism: Eight Essays” by Janos Kornai,. The EconLit Abstract of the reviewed work begins “Presents comparisons of socialism and capitalism, and dictatorship and democracy, with an interpretation of the “change of system.” Discusses the coherence of the classical system; the inner contradictions of reform socialism; market socialism or socialist market economy; the speed of transformation; the great transformation of Central Eastern Europe--success and disappointment; what “change of system” means; what countries embarking on postsocialist transformation can learn from the experiences so far; and the system paradigm. Kornai is Professor Emeritus at Harvard University, Permanent Fellow Emeritus of Collegium Budapest, Institute for Advanced Study, and Distinguished Research Professor at Central European University. Name and subject indexes.”",Journal of Economic Literature,2009-09-01,journal-article,https://doi.org/10.1257/jel.47.3.801.r24,2328-8175,Journal of Economic Literature,ECON,American Economic Association,4,4,4
10.1257/jel.47.3.801.r25,Book Reviews,,,"Matthew J. Hoffmann of University of Toronto reviews “Global Warming: Looking Beyond Kyoto” by Ernesto Zedillo,. The EconLit Abstract of the reviewed work begins “Fourteen papers, resulting from a conference hosted by the Yale Center for the Study of Globalization in October 2005, examine the economic, social, and political context of climate policy in both industrialized and developing nations, and consider a multilateral approach that goes beyond the mitigation-focused Kyoto policies. Papers discuss the Intergovernmental Panel on Climate Change--establishing the evidence; whether the global warming alarm is founded on fact; anthropogenic climate change--revisiting the facts; “dangerous” climate change--key vulnerabilities; the policy implications of climate change impacts; economic analyses of the Kyoto Protocol--whether there is life after Kyoto; the European Emissions Trading Regime and the future of Kyoto; climate change--designing an effective response; an international policy architecture for the post-Kyoto era; controversies of Russian climate policy and opportunities for greenhouse gas reduction; climate policy in the United Kingdom; Canada’s approach to tackling climate change; India and climate change--mitigation, adaptation, and a way forward; and correct choices for China--energy conservation, a cyclic economy, and a conservation-minded society. Zedillo is Director of the Yale Center for the Study of Globalization and Professor in the field of international economics and politics at Yale University. Index.”",Journal of Economic Literature,2009-09-01,journal-article,https://doi.org/10.1257/jel.47.3.801.r25,2328-8175,Journal of Economic Literature,ECON,American Economic Association,4,4,4
10.1257/jel.47.3.801.r26,Book Reviews,,,"Neil De Marchi of Duke University reviews “The Patron’s Payoff: Conspicuous Commissions in Italian Renaissance Art” by Jonathan K. Nelson, Richard J. Zeckhauser,. The EconLit Abstract of the reviewed work begins “Presents an application of the methods of information economics to the study of art. Provides overviews of the main players--patrons, artists, and audiences; the analytic framework--benefits, costs, and constraints; theories of distinction--magnificence and signaling; and selecting and magnifying information--signposting and stretching. Includes five papers that discuss private chapels in Florence--a paradise for signalers (Jonathan K. Nelson and Richard J. Zeckhauser); commissioning familial remembrance in fourteenth-century Florence--signaling Alberti patronage at the Church of Santa Croce (Thomas J. Loughman); signs of success--Leone Leoni’s signposting in sixteenth-century Milan (Kelley Helmstutler Di Dio); Andrea Mantegna’s Madonna della Vittoria and the rewriting of Gonzaga history (Molly Bourne); and whether image is everything--visual art as self-advertising in Europe and America (Larry Silver). Nelson is Coordinator of Art History at Syracuse University Abroad in Florence. Zeckhauser is Frank P. Ramsey Professor of Political Economy in the Kennedy School of Government at Harvard University. Index.”",Journal of Economic Literature,2009-09-01,journal-article,https://doi.org/10.1257/jel.47.3.801.r26,2328-8175,Journal of Economic Literature,ECON,American Economic Association,4,4,4
10.1257/jel.47.3.801.r3,Book Reviews,,,"Philip J. Cook of Duke University reviews “The Economics of Crime: An Introduction to Rational Crime Analysis” by Harold Winter,. The EconLit Abstract of the reviewed work begins “Undergraduate textbook presents an introduction to the economic analysis of crime. Discusses rational crime basics; efficient punishment and fines; prison and crime deterrence; the death penalty and crime deterrence; race and crime; private crime deterrence; drugs and crime; social reforms and crime deterrence; and what economists do. Winter is Associate Professor at Ohio University. Index.”",Journal of Economic Literature,2009-09-01,journal-article,https://doi.org/10.1257/jel.47.3.801.r3,2328-8175,Journal of Economic Literature,ECON,American Economic Association,4,4,4
10.1257/jel.47.3.801.r4,Book Reviews,,,"Giuseppe Bertola of Universita di Torino reviews “The Economics of Inaction: Stochastic Control Models with Fixed Costs” by Nancy L. Stokey,. The EconLit Abstract of the reviewed work begins “Provides an introduction to stochastic control models in economics that feature fixed adjustment costs or other elements that lead to inaction regions. Discusses stochastic processes, Brownian motions, and diffusions; stochastic integrals and Ito’s lemma; martingales; useful formulas for Brownian motions; exercising an option; models with fixed costs; models with fixed and variable costs; models with continuous control variables; regulated Brownian motion; investment--linear and convex adjustment costs; and an aggregate model with fixed costs. Stokey is Frederick Henry Prince Professor of Economics at the University of Chicago. Index.”",Journal of Economic Literature,2009-09-01,journal-article,https://doi.org/10.1257/jel.47.3.801.r4,2328-8175,Journal of Economic Literature,ECON,American Economic Association,4,4,4
10.1257/jel.47.3.801.r5,Book Reviews,,,"Larry Samuelson of Yale University reviews “The Foundations of Positive and Normative Economics: A Handbook” by Andrew Caplin, Andrew Schotter,. The EconLit Abstract of the reviewed work begins “Fifteen papers, resulting from a New York University conference held in August 2006, consider how best to incorporate new measurement technologies related to choice behavior into the current, united paradigm of economics. Papers discuss the case for mindless economics; the case for mindful economics; what is so informative about choice; two points of view regarding revealed preference and behavioral economics; some thoughts on the principle of revealed preference; mindless or mindful economics--a methodological evaluation; choice-theoretic foundations for behavioral welfare economics; revealed mistakes and revealed preferences; the economist as therapist--methodological ramifications of “light” paternalism; look-ups as the windows of the strategic soul; revealed preference and bounded rationality; the seven properties of good models; researcher incentives and empirical methods; choice and process--theory ahead of measurement; and economic theory and psychological data--bridging the divide. Caplin is Professor of Economics and Codirector of the Center for Experimental Social Science at New York University. Schotter is Professor of Economics and Director of the Center for Experimental Social Science at New York University. Index.”",Journal of Economic Literature,2009-09-01,journal-article,https://doi.org/10.1257/jel.47.3.801.r5,2328-8175,Journal of Economic Literature,ECON,American Economic Association,4,4,4
10.1257/jel.47.3.801.r6,Book Reviews,,,"Roger D. Congleton of George Mason University reviews “Free Riding” by Richard Tuck,. The EconLit Abstract of the reviewed work begins “Examines the possibility that the phenomenon of free riding, or declining to contribute to a collective project if the contribution is negligible, is a recent, historically contingent concept. Discusses the prisoners’ dilemma; voting and other thresholds; negligibility; rule and act utilitarianism; and perfect competition, oligopoly, and monopoly. Tuck is Frank G. Thomson Professor of Government at Harvard University. Index.”",Journal of Economic Literature,2009-09-01,journal-article,https://doi.org/10.1257/jel.47.3.801.r6,2328-8175,Journal of Economic Literature,ECON,American Economic Association,4,4,4
10.1257/jel.47.3.801.r7,Book Reviews,,,"Rod Falvey of University of Nottingham reviews “Measuring Globalisation: Gauging Its Consequences” by Axel Dreher, Noel Gaston, Pim Martens,. The EconLit Abstract of the reviewed work begins “Presents a framework for defining globalization and analyzing the relationships among economic, political, and social variables. Discusses the move toward an understanding of the concept of globalization; the measurement of globalization; and consequences of globalization reconsidered--applying the KOF Index. Dreher is at the KOF Swiss Economic Institute at ETH Zurich. Gaston is at Bond University. Martens is at Maastricht University. Author and subject indexes.”",Journal of Economic Literature,2009-09-01,journal-article,https://doi.org/10.1257/jel.47.3.801.r7,2328-8175,Journal of Economic Literature,ECON,American Economic Association,4,4,4
10.1257/jel.47.3.801.r8,Book Reviews,,,"John Whalley of University of Western Ontario and Centre for International Governance Innovation reviews “The Impacts of 9/11 on Canada-U.S. Trade” by Steven Globerman, Paul Storer,. The EconLit Abstract of the reviewed work begins “Presents a statistical analysis of trade flows between the United States and Canada since 9/11 and considers the quantitative effects of recent border entry security initiatives on bilateral trade flows. Discusses security policy and the Canada-U.S. border; an overview of Canada-U.S. trade in goods; the impacts of border security--a review of the literature; the study methodology; the aggregate export and import equations; estimating export and import equations at the port level; interpreting the estimated impacts at individual ports; and potential impacts on capital investment. Globerman is Kaiser Professor of International Business, and Storer is Associate Professor in the College of Business and Economics, at Western Washington University. Index.”",Journal of Economic Literature,2009-09-01,journal-article,https://doi.org/10.1257/jel.47.3.801.r8,2328-8175,Journal of Economic Literature,ECON,American Economic Association,4,4,4
10.1257/jel.47.3.801.r9,Book Reviews,,,"Alan V. Deardorff of University of Michigan reviews “Blue-Collar Blues: Is Trade to Blame for Rising US Income Inequality?” by Robert Z. Lawrence,. The EconLit Abstract of the reviewed work begins “Explores the links between slow U.S. real wage growth, increased earnings inequality, and trade. Discusses the wage-productivity gap, 1981-2006; wage inequality and trade; class inequality and trade; globalization, stock options, and the super rich; and job dislocation--past and future. Lawrence is a nonresident Senior Fellow at the Peterson Institute and Albert L. Williams Professor of Trade and Investment in the John F. Kennedy School of Government at Harvard University. Index.”",Journal of Economic Literature,2009-09-01,journal-article,https://doi.org/10.1257/jel.47.3.801.r9,2328-8175,Journal of Economic Literature,ECON,American Economic Association,4,4,4
10.1257/jel.47.2.482.r1,Book Reviews,,,"Robert H. Frank of Cornell University reviews “Crunch: Why Do I Feel So Squeezed? (And Other Unsolved Economic Mysteries)” by Jared Bernstein,. The EconLit Abstract of the reviewed work begins “Presents easy-to-understand answers to questions working Americans want to ask economists. Discusses why people feel economically squeezed; gross domestic product; political economy; globalization; and the reconnection agenda. Bernstein is Senior Economist and Director of the Living Standards Program at the Economic Policy Institute. Index.”",Journal of Economic Literature,2009-06-01,journal-article,https://doi.org/10.1257/jel.47.2.482.r1,2328-8175,Journal of Economic Literature,ECON,American Economic Association,4,4,4
10.1257/jel.47.2.482.r10,Book Reviews,,,"Mark A. Carlson of Federal Reserve Board reviews “The Evolution of Monetary Policy and Banking in the US” by Donald D. Hester,. The EconLit Abstract of the reviewed work begins “Analyzes the evolution of monetary policy and banking institutions in the United States over the past sixty years, focusing on the dynamic interactions between the Federal Reserve and banking institutions that resulted from financial market innovations. Discusses Marriner S. Eccles and Thomas B. McCabe, 1945-51; William McChesney Martin, Jr., 1951-70; Arthur F. Burns and G. William Miller, 1970-79; Paul A. Volcker, 1979-87; Alan Greenspan, 1987-2006; Benjamin S. Bernanke, 2006-the present; an overview and summary of the Federal Reserve and monetary policy; the first twenty-five years after World War II; resolution--1971-2007; and an overview and summary of recovery, growth, and adaptation in U.S. banking. Hester is Professor of Economics, Emeritus at the University of Wisconsin-Madison. No index.”",Journal of Economic Literature,2009-06-01,journal-article,https://doi.org/10.1257/jel.47.2.482.r10,2328-8175,Journal of Economic Literature,ECON,American Economic Association,4,4,4
10.1257/jel.47.2.482.r11,Book Reviews,,,"Jordi Gali of CREI and Universitat Pompeu Fabra reviews “Monetary Policy Strategy” by Frederic S. Mishkin,. The EconLit Abstract of the reviewed work begins “Eighteen papers, some previously published, present Frederic S. Mishkin’s work on the changes in the conduct of monetary policy in recent years, focusing on the turn to inflation targeting. Papers discuss what central banks should do; the transmission mechanism and the role of asset prices in monetary policy; the role of output stabilization in the conduct of monetary policy; whether central bank transparency can go too far; whether there is a role for monetary aggregates in the conduct of monetary policy; rethinking the role of the nonaccelerating inflation rate of unemployment in monetary policy--implications of model formulation and uncertainty; central bank behavior and the strategy of monetary policy--observations from six industrialized countries; whether inflation targeting is a new framework for monetary policy; international experiences with different monetary policy regimes; why the Federal Reserve should adopt inflation targeting; inflation targeting in emerging market countries; monetary policy strategies for Latin America; monetary policy strategies for emerging market countries--lessons from Latin America; inflation targeting in transition economies--experience and prospects; a decade of inflation targeting in the world--what we know and what we need to know; the dangers of exchange-rate pegging in emerging market countries; the mirage of exchange-rate regimes for emerging market countries;… Index.”",Journal of Economic Literature,2009-06-01,journal-article,https://doi.org/10.1257/jel.47.2.482.r11,2328-8175,Journal of Economic Literature,ECON,American Economic Association,4,4,4
10.1257/jel.47.2.482.r12,Book Reviews,,,"Charles Wyplosz of Graduate Institute, Geneva reviews “Regional Monetary Integration” by Peter B. Kenen, Ellen E. Meade,. The EconLit Abstract of the reviewed work begins “Surveys the prospects for regional monetary integration in various parts of the world, focusing on the structure and functioning of the European Monetary Union, North America, South America, and East Asia. Discusses the forms, costs, and benefits of currency consolidation; the European Monetary Union; monetary arrangements and economic performance; monetary union in the Americas; monetary union in East Asia; and the outlook and implications for the United States. Kenen is Adjunct Senior Fellow for International Economics with the Council on Foreign Relations and Walker Professor of Economics and Finance, Emeritus, at Princeton University. Meade is Associate Professor in the Department of Economics at American University. Index.”",Journal of Economic Literature,2009-06-01,journal-article,https://doi.org/10.1257/jel.47.2.482.r12,2328-8175,Journal of Economic Literature,ECON,American Economic Association,4,4,4
10.1257/jel.47.2.482.r13,Book Reviews,,,"Uday Rajan of University of Michigan reviews “Pop Finance: Investment Clubs and the New Investor Populism” by Brooke Harrington,. The EconLit Abstract of the reviewed work begins “Follows the trajectory of the new stock market populism via the rise of investment clubs throughout the 1990s, through which millions of people across the socioeconomic spectrum became investors for the first time. Discusses stock market populism--investment clubs and economic history; investment clubs as markets in microcosm; group composition and the business case for diversity; getting ahead versus getting along--decision making in investment clubs; and reflections on investing in the 1990s. Harrington is a researcher at the Max Planck Institute for the Study of Societies. Index.”",Journal of Economic Literature,2009-06-01,journal-article,https://doi.org/10.1257/jel.47.2.482.r13,2328-8175,Journal of Economic Literature,ECON,American Economic Association,4,4,4
10.1257/jel.47.2.482.r14,Book Reviews,,,"Philipppe Jorion of University of California at Irvine reviews “Plight of the Fortune Tellers: Why We Need to Manage Financial Risk Differently” by Riccardo Rebonato,. The EconLit Abstract of the reviewed work begins “Explores how to revisit ideas about probability in financial risk management, focusing on the importance of decision making. Discusses thinking about risk; thinking about probabilities; making choices; what risk management is for; some of the changes that have occurred in the financial industry in the last few decades; looking beneath the surface--hidden problems; which type of probability matters in risk management; the promise of economic capital; and what we can do instead in financial risk management. Rebonato is the global head of market risk and global head of quantitative research and quantitative analysis with the Royal Bank of Scotland. Index.”",Journal of Economic Literature,2009-06-01,journal-article,https://doi.org/10.1257/jel.47.2.482.r14,2328-8175,Journal of Economic Literature,ECON,American Economic Association,4,4,4
10.1257/jel.47.2.482.r15,Book Reviews,,,"Sudipto Bhattacharya of London School of Economics and Political Science reviews “Why Are There So Many Banking Crises? The Politics and Policy of Bank Regulation” by Jean-Charles Rochet,. The EconLit Abstract of the reviewed work begins “Ten previously published papers examine the causes of banking crises around the world in recent decades, focusing on the effects of political interference. Papers discuss why there are so many banking crises; coordination failures and the lender of last resort--whether Walter Bagehot was right after all; the lender of last resort--a twenty-first century approach; macroeconomic shocks and banking supervision; interbank lending and systemic risk; controlling risk in payment systems; systemic risk, interbank relations, and the central bank; capital requirements and the behavior of commercial banks; rebalancing the three pillars of Basel II; and the three pillars of Basel II--optimizing the mix. Rochet is Professor of Mathematics and Economics at the University of Toulouse. No index.”",Journal of Economic Literature,2009-06-01,journal-article,https://doi.org/10.1257/jel.47.2.482.r15,2328-8175,Journal of Economic Literature,ECON,American Economic Association,4,4,4
10.1257/jel.47.2.482.r16,Book Reviews,,,"Ann-Charlotte Stahlberg of Stockholm University reviews “The Gender Impact of Social Security Reform” by Estelle James, Alejandra Cox Edwards, Rebeca Wong,. The EconLit Abstract of the reviewed work begins “Compares the gendered outcomes of social security systems in Chile, Argentina, and Mexico, and presents empirical findings from Eastern and Central European transition economies as well as several OECD countries. Discusses why social security systems and social security reforms have a gender impact; living arrangements and standards of elderly men and women; how we measure the impact of social security systems and reforms; Chile; Argentina; Mexico; and gender issues in social security reforms of other regions; design features that determine gender outcomes. James is Professor Emeritus at the State University of New York, Stony Brook, and a consultant to the World Bank and other organizations. Edwards is Professor of Economics at California State University, Long Beach. Wong is Professor of Population Economics at the University of Texas Medical Branch/Galveston, Director of the WHO/PAHO Collaborating Center for Pan-American Aging and Health, and Research Associate at the Population Studies Center at the University of Texas at Austin. Index.”",Journal of Economic Literature,2009-06-01,journal-article,https://doi.org/10.1257/jel.47.2.482.r16,2328-8175,Journal of Economic Literature,ECON,American Economic Association,4,4,4
10.1257/jel.47.2.482.r17,Book Reviews,,,"Robert Bifulco of Syracuse University reviews “Spin Cycle: How Research Is Used in Policy Debates: The Case of Charter Schools” by Jeffrey R. Henig,. The EconLit Abstract of the reviewed work begins “Explores how controversies over the charter school movement illustrate the use and misuse of research in policy debates. Discusses the New York Times/AFT Charter School controversy; informed democracy--an ideal and its skeptics; how cool research gets in hot waters--privatization, school choice, and charter schools; research in the public eye--personalization, polarization, and politicization; research outside the spotlight--accumulation, convergence, and contingency; following the money--the role of funding in the politicization of education research; how research reaches the public ear--old media and new; and whether the ideal of informed democracy can be revived. Henig is Professor of Political Science and Education at Teachers College, Columbia University, and Professor of Political Science at Columbia University. Index.”",Journal of Economic Literature,2009-06-01,journal-article,https://doi.org/10.1257/jel.47.2.482.r17,2328-8175,Journal of Economic Literature,ECON,American Economic Association,4,4,4
10.1257/jel.47.2.482.r18,Book Reviews,,,"Damon Clark of University of Florida and National Bureau of Economic Research reviews “Improving School-to-Work Transitions” by David Neumark,. The EconLit Abstract of the reviewed work begins “Seven papers consider the successes and failures of the 1990s-era school-to-work initiatives and assess how high schools, colleges, and government can help youths make a smoother transition into stable, well-paying jobs. Papers discuss transitions to work for racial, ethnic, and immigrant groups; participation in career and technical education and school-to-work in American high schools; whether school-to-work programs help the “forgotten half”; learning by doing career academies; the National Academy Foundation’s career academies--shaping postsecondary transitions; labor-market linkages among two-year college faculty and their impact on student perceptions, effort, and college persistence; and smoothing the transition from school to work--building job skills for a local labor market. Contributors include economists. Neumark is Professor of Economics at the University of California at Irvine and Senior Fellow at the Public Policy Institute of California. Index.”",Journal of Economic Literature,2009-06-01,journal-article,https://doi.org/10.1257/jel.47.2.482.r18,2328-8175,Journal of Economic Literature,ECON,American Economic Association,4,4,4
10.1257/jel.47.2.482.r19,Book Reviews,,,"Marvin Krislov of Oberlin College reviews “Color and Money: How Rich White Kids Are Winning the War over College Affirmative Action” by Peter Schmidt,. The EconLit Abstract of the reviewed work begins “Examines whether colleges misuse affirmative action to benefit wealthy white students and analyzes the ensuing racial tension that exists on college campuses. Discusses how money rises above merit; how the rich deny education to the poor; the origins of college affirmative action; profiting from preferences; the volatile mix on campus; affirmative action under attack; black voices fighting to be heard; the uprising of the excluded; fuzzy research to the rescue; the changing legal landscape; President Bush’s American dilemma; the establishment’s voice; the Supreme Court’s affirmation of affirmative action; and democracy’s intervention in the struggle. Schmidt is Deputy Editor of the Chronicle of Higher Education. Index.”",Journal of Economic Literature,2009-06-01,journal-article,https://doi.org/10.1257/jel.47.2.482.r19,2328-8175,Journal of Economic Literature,ECON,American Economic Association,4,4,4
10.1257/jel.47.2.482.r2,Book Reviews,,,"Janet S. Netz of ApplEcon LLC reviews “The Economics of Intercollegiate Sports” by Randy R. Grant, John Leadley, Zenon Zygmont,. The EconLit Abstract of the reviewed work begins “Sports economics textbook provides an introduction for undergraduate students to the college sports industry. Discusses the history of intercollegiate athletics and the NCAA; cartels in college sports; the labor market for college athletes; athletics and academics; the labor market for college coaches; the athletic department and the university; the media and intercollegiate sports; race and gender issues in intercollegiate sports; and reforming college sports. Includes end-of-chapter exercises. Grant is at Linfield College. Leadley and Zygmont are at Western Oregon University. Select bibliography; name and subject indexes.”",Journal of Economic Literature,2009-06-01,journal-article,https://doi.org/10.1257/jel.47.2.482.r2,2328-8175,Journal of Economic Literature,ECON,American Economic Association,4,4,4
10.1257/jel.47.2.482.r20,Book Reviews,,,"Robert O. Keohane of Princeton University reviews “The Economic Structure of International Law” by Joel P. Trachtman,. The EconLit Abstract of the reviewed work begins “Presents a law and economics-based theoretical perspective on the structure of the international legal system. Discusses the insights gained from transaction cost economics and property rights theory; the capacity for binding transfer of authority through customary international law; treaty; a law and economics perspective on the formation and utility of international organizations; the allocation of authority among different functional organizations; and the role of the adjudicator in international law. Trachtman is Professor of International Law in the Fletcher School at Tufts University. Index.”",Journal of Economic Literature,2009-06-01,journal-article,https://doi.org/10.1257/jel.47.2.482.r20,2328-8175,Journal of Economic Literature,ECON,American Economic Association,4,4,4
10.1257/jel.47.2.482.r21,Book Reviews,,,"Valerie Y. Suslow of University of Michigan reviews “Global Price Fixing” by John M. Connor,. The EconLit Abstract of the reviewed work begins “Updated and revised second edition describes and analyzes in depth the origins, operations, and impacts of global cartels in the markets for lysine, citric acid, and vitamins. Discusses the economics of price fixing; anticartel laws and enforcement; the citric acid industry; the citric acid conspiracy; economic impacts of the citric acid cartel; the world lysine industry; the lysine conspiracy; economic effects of the lysine cartel; the global vitamins industries; the vitamins conspiracies; effects of the vitamins cartels; U.S. government prosecutions; antitrust prosecutions outside the United States; the civil suits; the business of fighting cartels; and global price fixing--summing up. Connor is at Purdue University. Index.”",Journal of Economic Literature,2009-06-01,journal-article,https://doi.org/10.1257/jel.47.2.482.r21,2328-8175,Journal of Economic Literature,ECON,American Economic Association,4,4,4
10.1257/jel.47.2.482.r22,Book Reviews,,,"Mine Zeynep Senses of Johns Hopkins University reviews “Job Creation and Poverty Reduction in India: Towards Rapid and Sustained Growth” by Sadiq Ahmed,. The EconLit Abstract of the reviewed work begins “Eight papers examine growth and employment issues in India. Papers discuss India’s long-term growth experience--lessons and prospects (Sadiq Ahmed); fiscal policy for growth in India (Brian Pinto, Farah Zahir, and Gaobo Pang); India’s state finances (Marina Wes); the move from inhibiting to enabling--India’s changing approach to the role of private sector (Deepak K. Mishra); India’s financial sector--recent reforms and the challenges ahead (Priya Basu); meeting India’s infrastructure demands--the role of reforms and investment (Clive Harris); revitalizing the agricultural sector in India--opportunities and challenges (Dina Umali-Deininger); and labor markets in India--developments and challenges (Ahmad Ahsan and Ashish Narain). Ahmed is Sector Director of the Poverty Reduction and Economic Management Unit of the World Bank. Index.”",Journal of Economic Literature,2009-06-01,journal-article,https://doi.org/10.1257/jel.47.2.482.r22,2328-8175,Journal of Economic Literature,ECON,American Economic Association,4,4,4
10.1257/jel.47.2.482.r23,Book Reviews,,,"Rema Hanna of Harvard University reviews “When Things Fell Apart: State Failure in Late-Century Africa” by Robert H. Bates,. The EconLit Abstract of the reviewed work begins “Examines late-twentieth-century state failure in Africa, focusing on Rwanda, Sudan, Liberia, and Congo. Discusses the move from fable to fact; political legacies; policy choices; subnational tensions; and when things fall apart. Bates is Eaton Professor of the Science of Government, a Faculty Fellow of the Institute for International Development, and a member of the Department of African and African-American Studies at Harvard University. Bibliography; index.”",Journal of Economic Literature,2009-06-01,journal-article,https://doi.org/10.1257/jel.47.2.482.r23,2328-8175,Journal of Economic Literature,ECON,American Economic Association,4,4,4
10.1257/jel.47.2.482.r24,Book Reviews,,,"Juan Carlos Hallak of Universidad de San Andres reviews “The Decline of Latin American Economies: Growth, Institutions, and Crises” by Sebastian Edwards, Gerardo Esquivel, Graciela Marquez,. The EconLit Abstract of the reviewed work begins “Ten papers, originally presented at the NBER’s Inter-American Seminar on Economics held in Mexico City in December 2004, examine the puzzle of Latin America’s poor economic performance and consider the roles of institutions and political considerations. Papers discuss when Latin America fell behind (Leandro Prados de la Escosura); before the Golden Age--economic growth in Mexico and Portugal, 1910-50 (Pedro Lains); inequality and the evolution of institutions of taxation--evidence from the economic history of the Americas (Kenneth L. Sokoloff and Eric M. Zolt); financial crises, 1880-1913--the role of foreign currency debt (Michael D. Bordo and Christopher M. Meissner); the true measure of country risk--a primer on the interrelations between solvency and the polity structure of emerging markets, Argentina 1886-92 (Gerardo della Paolera and Martin Grandes); related lending--manifest looting or good governance?--lessons from the economic history of Mexico (Noel Maurer and Stephen Haber); sudden stops and currency drops--a historical look (Luis A. V. Catao); establishing credibility--the role of foreign advisors in Chile’s 1955-58 stabilization program (Sebastian Edwards); some economic effects of closing the economy--the Mexican experience in the mid-twentieth century (Gerardo Esquivel and Graciela Marquez); and the political economy of protectionism--the Mexican textile industry, 1900-1950 (Aurora Gomez-Galvarriato). Edwards is Henry Ford II… Index.”",Journal of Economic Literature,2009-06-01,journal-article,https://doi.org/10.1257/jel.47.2.482.r24,2328-8175,Journal of Economic Literature,ECON,American Economic Association,4,4,4
10.1257/jel.47.2.482.r25,Book Reviews,,,"Paul Glewwe of University of Minnesota reviews “Land in Transition: Reform and Poverty in Rural Vietnam” by Martin Ravallion, Dominique van de Walle,. The EconLit Abstract of the reviewed work begins “Presents a case study of Vietnam’s efforts to fight poverty using market-oriented land reforms. Discusses the historical context and policy debates; data and summary statistics; welfare impacts of privatizing land-use rights; land reallocation after the introduction of a land market; whether rising landlessness is a sign of success or failure; and access to credit for the landless poor. Ravallion is Director of the Development Research Group at the World Bank. Van de Walle is Lead Economist in the Gender and Development Group at the World Bank. Index.”",Journal of Economic Literature,2009-06-01,journal-article,https://doi.org/10.1257/jel.47.2.482.r25,2328-8175,Journal of Economic Literature,ECON,American Economic Association,4,4,4
10.1257/jel.47.2.482.r26,Book Reviews,,,"Barry R. Chiswick of University of Illinois at Chicago and IZA - Institute for the Study of Labor reviews “The Marketplace of Christianity” by Robert B. Ekelund, Robert F. Hebert, Robert D. Tollison,. The EconLit Abstract of the reviewed work begins “Applies the tools of economic theory to illuminate the emergence of Protestantism in the sixteenth century and to examine contemporary religion-influenced issues, including evolution and gay marriage. Discusses religion, church, and economics; the economics of religion; religious markets; religious form change--case studies; economics of the Protestant revolt; the Counter-Reformation--incumbent-firm reaction to market entry; the establishment and evolution of Protestantism; Catholicism, Protestantism, and economic performance; and the competitive revolution in Christianity. Ekelund is Professor of Economics and Edward K. and Catherine L. Lowder Eminent Scholar Emeritus, and Hebert is Russell Foundation Professor Emeritus, at Auburn University. Tollison is Professor of Economics and BB&amp;T Senior Fellow at Clemson University. Glossary; index.”",Journal of Economic Literature,2009-06-01,journal-article,https://doi.org/10.1257/jel.47.2.482.r26,2328-8175,Journal of Economic Literature,ECON,American Economic Association,4,4,4
10.1257/jel.47.2.482.r27,Book Reviews,,,"Arjo Klamer of Erasmus University reviews “Measuring the Value of Culture: Methods and Examples in Cultural Economics” by Jeanette D. Snowball,. The EconLit Abstract of the reviewed work begins “Provides a practical guide to conducting valuation studies of culture and cultural goods, and a means of interpreting the results for potential funders. Discusses the arts, economics, and valuation; using economic impact studies to value the arts; calculating economic impact; the contingent valuation method; using willingness to pay studies to value cultural goods; and the choice experiment method and use. Snowball is in the Department of Economics at Rhodes University. Index.”",Journal of Economic Literature,2009-06-01,journal-article,https://doi.org/10.1257/jel.47.2.482.r27,2328-8175,Journal of Economic Literature,ECON,American Economic Association,4,4,4
10.1257/jel.47.2.482.r3,Book Reviews,,,"Thomas C. Leonard of Princeton University reviews “The Dismal Science: How Thinking Like an Economist Undermines Community” by Stephan A. Marglin,. The EconLit Abstract of the reviewed work begins “Explores the ways in which the foundational assumptions of economics may undermine a sense of community and justify a world in which individuals are isolated and impoverished in terms of social connections. Discusses economics, the market, and community; what community is and whether it is worth the cost; the cutting edge of modernity; individualism; some history; the move form vice to virtue in a century; how we know when we do not know; sources of the modern ideology of knowledge; taking experience seriously; welfare economics and the nation-state; why enough is never enough; the economics of tragic choices; and the move from imperialism to globalization, by way of development. Marglin is Walter S. Barker Professor of Economics at Harvard University. Index.”",Journal of Economic Literature,2009-06-01,journal-article,https://doi.org/10.1257/jel.47.2.482.r3,2328-8175,Journal of Economic Literature,ECON,American Economic Association,4,4,4
10.1257/jel.47.2.482.r4,Book Reviews,,,"Emily Oster of University of Chicago reviews “EconoPower: How a New Generation of Economists Is Transforming the World” by Mark Skousen,. The EconLit Abstract of the reviewed work begins “Examines how economics has gained an increased influence over the other branches of social science and how economists are solving the world’s problems on both individual and national levels. Focuses on personal finance--earning, saving, investing, and retiring; economists entering the corporate boardroom; solving domestic problems; solving international problems; and predicting the future. Skousen is Benjamin Franklin Chair of Management at Grantham University. Index.”",Journal of Economic Literature,2009-06-01,journal-article,https://doi.org/10.1257/jel.47.2.482.r4,2328-8175,Journal of Economic Literature,ECON,American Economic Association,4,4,4
10.1257/jel.47.2.482.r5,Book Reviews,,,"Kevin D. Hoover of Duke University reviews “Hunting Causes and Using Them: Approaches in Philosophy and Economics” by Nancy Cartwright,. The EconLit Abstract of the reviewed work begins “Provides a critical survey of the philosophical and economic literature on causality, with a special focus on Bayes-nets and invariance methods. Discusses causation--one word, many things; causal claims--warranting them and using them; where the theory is in our “theories” of causality; what is wrong with Bayes nets; whether modularity fails; comments against modularity, the causal Markov condition, and any link between the two; the move from metaphysics to method--comments on manipulability and the causal Markov condition; two theorems on invariance and causality; probabilities and experiments; how to get causes from probabilities; the merger of cause and strategy; the vanity of rigor in economics--theoretical models and Galilean experiments; and counterfactuals in economics--a commentary. Cartwright is Professor of Philosophy at the London School of Economics and Political Science and at the University of California, San Diego, and is Fellow of the British Academy. Bibliography; index.”",Journal of Economic Literature,2009-06-01,journal-article,https://doi.org/10.1257/jel.47.2.482.r5,2328-8175,Journal of Economic Literature,ECON,American Economic Association,4,4,4
10.1257/jel.47.2.482.r6,Book Reviews,,,"Anna Jacobson Schwartz of National Bureau of Economic Research reviews “Milton Friedman: A Biography” by Lanny Ebenstein,. The EconLit Abstract of the reviewed work begins “Traces the life of Milton Friedman and examines his continuing relevance to our political and economic circumstances. Discusses his early life; his undergraduate years; the University of Chicago and Columbia; Rose; World War II; the return to academe; the Department of Economics at the University of Chicago; “Positive Economics”; family; professorship; &lt;I&gt;A Theory of the Consumption Function; John Maynard Keynes; A Monetary History of the United States; the Chicago school of economics; Capitalism and Freedom; travel and Goldwater; colleagues; public intellectual and policy proposals; Richard Nixon and the Nobel Prize; Free to Choose; Ronald Reagan and international influence; Friedrich Hayek and the role of ideas; school vouchers and social issues; and the Friedman Prize. Bibliographical essay; index.”",Journal of Economic Literature,2009-06-01,journal-article,https://doi.org/10.1257/jel.47.2.482.r6,2328-8175,Journal of Economic Literature,ECON,American Economic Association,4,4,4
10.1257/jel.47.2.482.r7,Book Reviews,,,"W. Max Corden of University of Melbourne reviews “Harry Johnson: A Life in Economics” by Donald E. Moggridge,. The EconLit Abstract of the reviewed work begins “Chronicles the intellectual development of economist Harry Johnson and considers his contributions to economics, economic education, and the discussion of economic policy, especially in Canada and Great Britain. Discusses Johnson’s origins in Toronto; his early career in Antigonish, Nova Scotia; his military experience in England; North American postgraduate work; his experience at Cambridge; his role as a Cambridge economist; working in Manchester; his move to Chicago; Canada, economic nationalism, and opulence, 1957-66; Chicago--money, trade, and development; the London School of Economics; professional life--largely British; money and inflation; the International Monetary System; Johnson’s “Wicksell Period”; and Johnson’s stroke and the aftermath. Moggridge is Professor of Economics at the University of Toronto. Index.”",Journal of Economic Literature,2009-06-01,journal-article,https://doi.org/10.1257/jel.47.2.482.r7,2328-8175,Journal of Economic Literature,ECON,American Economic Association,4,4,4
10.1257/jel.47.2.482.r8,Book Reviews,,,"Lauren E. Feiler of Carleton College reviews “Augustin Cournot: Modelling Economics” by Jean-Philippe Touffut,. The EconLit Abstract of the reviewed work begins “Seven papers, originally presented at a conference held at the Cournot Centre for Economic Studies in December 2005, examine the pioneering work of Antoine Augustin Cournot in the fields of economics, game theory, sociology, and epistemology of probability and statistics. Papers discuss Cournot as economist--two hundred years of relevance (Jean Magnan de Bornier); Cournot’s probabilistic epistemology (Thierry Martin); the functions of economic models (Bernard Walliser); the move from Cournot’s principle to market efficiency (Glenn Shafer); war and peace (Robert J. Aumann); Cournot and the social income (Robert M. Solow); and comparing the incomparable--the sociology of statistics (Alain Desrosieres). Touffut is Director of the Cournot Centre for Economic Studies. Index.”",Journal of Economic Literature,2009-06-01,journal-article,https://doi.org/10.1257/jel.47.2.482.r8,2328-8175,Journal of Economic Literature,ECON,American Economic Association,4,4,4
10.1257/jel.47.2.482.r9,Book Reviews,,,"Saul H. Hymans of University of Michigan reviews “The Cult of Statistical Significance: How the Standard Error Costs Us Jobs, Justice, and Lives” by Stephen T. Ziliak, Deirdre N. McCloskey,. The EconLit Abstract of the reviewed work begins “Examines the flaws in the scientific technique of “statistical significance” through an exploration of its application in a broad spectrum of fields, and considers how to bring the statistical sciences back on track. Discusses statistical significance as a significant problem; dieting “significance” and the case of Vioxx; the sizeless stare of statistical significance; what the sizeless scientists say in defense; better practice---beta-importance versus alpha-“significance”; what can go wrong in the use of significance tests in economics; what went wrong in the American Economic Review during the 1980s; whether economic practice is improving; how big is big in economics; what the sizeless stare costs, economically speaking; how economics stays that way--the textbooks and the referees; the not-boring rise of significance in psychology; whether psychometrics lacks power; the psychology of psychological significance testing; medicine seeking a magic pill; Kenneth Rothman’s revolt; drugs, disability, and death; Francis Edgeworth’s significance; Karl Pearson’s rule; statistical significance in Pearson’s journal Biometrika; William Sealy Gosset--the fable of the bee; R. A. Fisher--the fable of the wasp; how the wasp stung the bee and took over some sciences; eighty years of trained incapacity--how such a thing could happen; and what to do. Ziliak is Professor of Economics at… Index.”",Journal of Economic Literature,2009-06-01,journal-article,https://doi.org/10.1257/jel.47.2.482.r9,2328-8175,Journal of Economic Literature,ECON,American Economic Association,4,4,4
10.1257/jel.46.4.989.r1,Book Reviews,,,"Francisco Rodriguez of United Nations Development Programme and Wesleyan University reviews “A Year without “Made in China”: One Family\'s True Life Adventure in the Global Economy” by Sara Bongiorni,. The EconLit Abstract of the reviewed work begins “Chronicles the story of one family that embarked on a yearlong boycott of Chinese products in order to determine whether they could live without the world's fastest growing economy. Discusses excluding Chinese products from the author's home; the difficulty of finding non-Chinese children's shoes and toys; the difficulties that arose during the boycott; China's relationship with Wal-Mart; China's influence in France and in the electronics market; the difficulty of finding clothing not made in China; the family's growing acceptance of the boycott and the difficulty of finding non-Chinese office supplies; Hurricane Katrina and questions about the ethics of a boycott in a time of personal tragedy; considering whether to extend the boycott past one year; Christmas shopping and the boycott; and the end of the boycott. Bongiorni is an author and former business reporter. Index.”",Journal of Economic Literature,2008-12-01,journal-article,https://doi.org/10.1257/jel.46.4.989.r1,2328-8175,Journal of Economic Literature,ECON,American Economic Association,4,4,4
10.1257/jel.46.4.989.r10,Book Reviews,,,"Taryn Dinkelman of Princeton University reviews “Annual World Bank Conference on Development Economics--Global 2007: Rethinking Infrastructure for Development” by Francois Bourguignon, Boris Pleskovic,. The EconLit Abstract of the reviewed work begins “Six papers and eight comments, originally presented at the Annual World Bank Conference on Development Economics held in Tokyo in May 2006, examine the role of infrastructure in development. Papers discuss infrastructure and development--a survey of recent and upcoming issues (Antonio Estache); climate change impacts, energy, and development (Michael Grubb); managing China's energy resources (Jiang Kejun); rural infrastructure and agricultural development (Per Pinstrup-Andersen and Satoru Shimokawa); spurring economic development by capitalizing on brand agriculture--turning development strategy on its head (Masahisa Fujita); and infrastructure and regional cooperation (Haruhiko Kuroda, Masahiro Kawai, and Rita Nangia). Also includes the welcome, opening, and keynote addresses presented at the conference. Bourguignon is Chief Economist and Senior Vice President of the World Bank. Pleskovic is Research Manager in Development Economics at the World Bank. No index.”",Journal of Economic Literature,2008-12-01,journal-article,https://doi.org/10.1257/jel.46.4.989.r10,2328-8175,Journal of Economic Literature,ECON,American Economic Association,4,4,4
10.1257/jel.46.4.989.r11,Book Reviews,,,"Jordan Matsudaira of Cornell University reviews “The Price of Independence: The Economics of Early Adulthood” by Sheldon Danziger, Cecilia Elena Rouse,. The EconLit Abstract of the reviewed work begins “Ten papers examine how economic conditions affect young people's transition to adulthood, focusing on the lengthening and increasingly varied transitions in recent generations. Papers discuss failure to launch--crossnational trends in the transition to economic independence; whether the company man is an anachronism--trends in long-term employment in the United States, 1973-2006; health insurance and the transition to adulthood; blurring the boundary--changes in collegiate participation and the transition to adulthood; labor market experiences and transitions to adulthood; young adults leaving the nest--the role of the cost of living; sticking around--delayed departure from the parental nest in Western Europe; to have and to hold--an analysis of young adult debt; family background and children's transitions to adulthood over time; and early incarceration spells and the transition to adulthood. Danziger is Henry J. Meyer Distinguished University Professor of Public Policy and Codirector of the National Poverty Center in the Gerald R. Ford School of Public Policy at the University of Michigan. Rouse is Theodore A. Wells '29 Professor of Economics and Public Affairs at Princeton University and Director of the Princeton Education Research Section. Index.”",Journal of Economic Literature,2008-12-01,journal-article,https://doi.org/10.1257/jel.46.4.989.r11,2328-8175,Journal of Economic Literature,ECON,American Economic Association,4,4,4
10.1257/jel.46.4.989.r12,Book Reviews,,,"Richard Green of University of Birmingham reviews “Electricity and Energy Policy in Britain, France and the United States since 1945” by Martin Chick, Martin Chick,. The EconLit Abstract of the reviewed work begins “Presents a major economic and historical study of the development of electricity and energy policy in Britain, France, and the United States since 1945. Discusses shifting from coal to oil--what price security?; the European Coal and Steel Community; moving the margin to the center--pricing electricity; electricity investment--rewarding the past, discounting the future; and deregulation, privatization, and liberalization. Chick is Senior Lecturer in Economic and Social History at the University of Edinburgh. Bibliography; index.”",Journal of Economic Literature,2008-12-01,journal-article,https://doi.org/10.1257/jel.46.4.989.r12,2328-8175,Journal of Economic Literature,ECON,American Economic Association,4,4,4
10.1257/jel.46.4.989.r13,Book Reviews,,,"Stefan Szymanski of City University London reviews “Economics, Uncertainty and European Football: Trends in Competitive Balance” by Loek Groot,. The EconLit Abstract of the reviewed work begins “Explores the development of competitive balance in the major European football countries over an extended period of time and considers some policy prescriptions for the governance of the European football market. Discusses using football statistics--the basic techniques; competitive balance--sport's most precious good; static competitive balance; competitive balance based on team quality; dynamic competitive balance; and the future of European football--back to the 1950s. Groot is Associate Professor of Public Sector Economics in the Utrecht School of Economics at Utrecht University. Index.”",Journal of Economic Literature,2008-12-01,journal-article,https://doi.org/10.1257/jel.46.4.989.r13,2328-8175,Journal of Economic Literature,ECON,American Economic Association,4,4,4
10.1257/jel.46.4.989.r14,Book Reviews,,,"Catherine D. Wolfram of University of California, Berkeley reviews “The Unsustainable Costs of Partial Deregulation” by Paul W. MacAvoy,. The EconLit Abstract of the reviewed work begins “Assesses the results of deregulation in the United States over the last thirty years and analyzes whether deregulation has achieved any of its stated goals in the electricity, gas delivery, and telecommunications industries. Discusses an introduction to network technology and market structure; the regulation of networks; electric and gas network performance and partial deregulation; the strategic response of Pacific Gas and Electric Corporation to partial deregulation during the California power crisis; the long distance telephone networks and partial deregulation; and the singular result of partial deregulation and what can be done. MacAvoy is Williams Brothers Professor Emeritus of Management Studies at Yale University. Bibliography; index.”",Journal of Economic Literature,2008-12-01,journal-article,https://doi.org/10.1257/jel.46.4.989.r14,2328-8175,Journal of Economic Literature,ECON,American Economic Association,4,4,4
10.1257/jel.46.4.989.r15,Book Reviews,,,"John T. Cuddington of Colorado School of Mines reviews “A Handbook of Primary Commodities in the Global Economy” by Marian Radetzki,. The EconLit Abstract of the reviewed work begins “Examines the increasingly crucial role of commodities in the world economy and considers pertinent issues surrounding international commodity markets. Discusses the historical framework; the geography of commodity production and trade; comparative advantage and trade policy distortions; price formation and price trends in commodities; the commodity exchanges, commodity investments, and speculation; the economics of exhaustible resource depletion; fears of, and measures to assure, supply security; producer cartels in international commodity markets; public ownership in primary commodity production; and the monoeconomies--issues raised by heavy dependence on commodity production and exports. Radetzki is Professor of Economics at Lulea University of Technology. Index.”",Journal of Economic Literature,2008-12-01,journal-article,https://doi.org/10.1257/jel.46.4.989.r15,2328-8175,Journal of Economic Literature,ECON,American Economic Association,4,4,4
10.1257/jel.46.4.989.r16,Book Reviews,,,"Neviana Petkova of University of Oregon reviews “Trade Liberalisation: Impact on Growth and Trade in Developing Countries” by Ashok Parikh,. The EconLit Abstract of the reviewed work begins “Nine papers, most previously published, present a quantitative assessment of trade liberalization and its impact on micro and macro economics structure in developing countries. Papers discuss disciplining firms--the impact of trade reforms on profit margins in the Indian industry (Uma S. Kambhampati and Ashok Parikh); whether liberalization has affected profit margins in the Indian industry (Kambhampati and Parikh); exports, inward foreign direct investment, and regional economic growth in China (Haishun Sun and Parikh); the impact of trade liberalization on import demands in India--a panel data analysis for commodity groups (Rajesh Mehta and Parikh); whether trade liberalization accelerates convergence in per capita incomes in developing countries (Parikh and Miyuki Shibata); dynamics of the relationship between the terms of trade and the trade balance in developing countries of Asia, Africa, and Latin America (Parikh and Shibata); the relationship between trade liberalization, economic growth, and balance of payments in developing countries (Parikh and Corneliu Stirbu); the relationship between trade liberalization, growth, and balance of payments in developing countries--an econometric study (Parikh); and instability and volatility of capital flows in developing countries (Alberto Gabriele, Korkut Boratav, and Parikh). Parikh is in the Department of Economics at the University of East Anglia. Author and subject… Index.”",Journal of Economic Literature,2008-12-01,journal-article,https://doi.org/10.1257/jel.46.4.989.r16,2328-8175,Journal of Economic Literature,ECON,American Economic Association,4,4,4
10.1257/jel.46.4.989.r17,Book Reviews,,,"Stephen Devereux of Institute of Development Studies, University of Sussex reviews “Famine in North Korea: Markets, Aid, and Reform” by Stephan Haggard, Marcus Noland,. The EconLit Abstract of the reviewed work begins “Presents an account of the late twentieth-century North Korean famine, focusing on the origins and aftermath of the crisis, the regime's response to outside aid, and the effect of its current policies on the country's economic future. Discusses famine, aid, and markets in North Korea; the origins of the great famine; the distribution of misery--famine and the breakdown of the public distribution system; the aid regime--the problem of monitoring; diversion; the political economy of aid; coping, marketization, and reform--new sources of vulnerability; and North Korea in comparative and international perspective. Haggard is Lawrence and Sallye Krause Professor in the Graduate School of International Relations and Pacific Studies at the University of California, San Diego. Noland is Senior Fellow at the Institute for International Economics. Index.”",Journal of Economic Literature,2008-12-01,journal-article,https://doi.org/10.1257/jel.46.4.989.r17,2328-8175,Journal of Economic Literature,ECON,American Economic Association,4,4,4
10.1257/jel.46.4.989.r18,Book Reviews,,,"Edward N. Wolff of New York University reviews “The Warhol Economy: How Fashion, Art, and Music Drive New York City” by Elizabeth Currid,. The EconLit Abstract of the reviewed work begins “Examines how creative industries--fashion, art, and music--drive the economy of New York City. Discusses art, culture, and New York City; how it all began--the move from the rise of the factory to the rise of bling; becoming creative; the social life of creativity; the economics of a dance floor; creating buzz and selling cool; and the rise of global tastemakers--what it all means for the policymakers. Currid is Assistant Professor in the University of Southern California's School of Policy, Planning, and Development. Index.”",Journal of Economic Literature,2008-12-01,journal-article,https://doi.org/10.1257/jel.46.4.989.r18,2328-8175,Journal of Economic Literature,ECON,American Economic Association,4,4,4
10.1257/jel.46.4.989.r2,Book Reviews,,,"Robert E. Wright of New York University reviews “Political Institutions and Financial Development” by Stephen Haber, Douglass C. North, Barry R. Weingast,. The EconLit Abstract of the reviewed work begins “Nine papers examine why some countries develop better financial systems than others, focusing on the importance of a country's political institutions in this development. Papers discuss political institutions and financial development--evidence from the political economy of bank regulation in Mexico and the United States (Stephen Haber); the political economy of early U.S. financial development (Richard Sylla); what the World Bank can learn from American history (John Joseph Wallis); the move beyond legal origin and checks and balances--political credibility, citizen information, and financial sector development (Philip Keefer); the microeconomic effects of different approaches to bank supervision (James R. Barth, Gerard Caprio, and Ross Levine); political drivers of diverging corporate governance patterns (Peter Gourevitch and James Shinn); credible commitment and sovereign default risk--two bond markets and imperial Brazil (William R. Summerhill); legal origin versus the politics of creditor rights--bond markets in Brazil, 1850-2002 (Aldo Musacchio); and economics, political institutions, and financial markets (Douglass C. North and Mary M. Shirley). Haber is A. A. and Jeanne Welch Milligan Professor in the School of Humanities at Stanford University and Senior Fellow of the Hoover Institution. North is Professor of Economics at Washington University in St. Louis and Senior Fellow of the Hoover Institution. Weingast… Index.”",Journal of Economic Literature,2008-12-01,journal-article,https://doi.org/10.1257/jel.46.4.989.r2,2328-8175,Journal of Economic Literature,ECON,American Economic Association,4,4,4
10.1257/jel.46.4.989.r3,Book Reviews,,,"Thomas J. Prusa of Rutgers University reviews “Anti-Dumping and Countervailing Action: Limits Imposed by Economic and Legal Theory” by Philip Bentley, Aubrey Silberston,. The EconLit Abstract of the reviewed work begins “Examines current actions against dumping and export subsidies, focusing on the numerous contradictions found in existing law and practice and possible changes to these. Discusses antidumping principles; antisubsidy and countervailing principles; injury; antidumping action--problems arising; zeroing and the full degree of dumping; subsidies and countervailing action--problems arising; public policy considerations; and antidumping action--alternative approaches. Appendices provide further information on Article VI of the 1947 GATT Treaty, the Agreement on Implementation of Article VI of the GATT 1994 Agreement, the Agreement on Subsidies and Countervailing Measures, and a list of cases. Bentley is Partner with McDermott Will and Emery Stanbrook. Silberston is Emeritus Professor of Economics at Imperial College, London. Index.”",Journal of Economic Literature,2008-12-01,journal-article,https://doi.org/10.1257/jel.46.4.989.r3,2328-8175,Journal of Economic Literature,ECON,American Economic Association,4,4,4
10.1257/jel.46.4.989.r4,Book Reviews,,,"Jay C. Shambaugh of Dartmouth College and NBER reviews “Capital Controls and Capital Flows in Emerging Economies: Policies, Practices, and Consequences” by Sebastian Edwards,. The EconLit Abstract of the reviewed work begins “Fourteen papers and nine comments, originally presented at a conference held in Santa Barbara in December 2004, examine the advantages and pitfalls of restricting capital mobility in developing countries. Papers discuss capital flows in a globalized world--the role of policies and institutions; capital controls, sudden stops, and current account reversals; currency mismatches, debt intolerance, and original sin--why they are not the same and why it matters; the microeconomic evidence on capital controls--no free lunch; the international exposure of U.S. banks--Europe and Latin America compared; international borrowing, capital controls, and the exchange rate--lessons from Chile; international borrowing and macroeconomic performance in Argentina; capital flows and controls in Brazil--what we have learned; the Chinese approach to capital inflows--patterns and possible explanations; South Korea's experience with international capital flows; Malaysian capital controls--macroeconomics and institutions; capital flows and exchange rate volatility--Singapore's experience; India's experience with capital flows--the elusive quest for a sustainable current account deficit; and capital controls--an evaluation. Edwards is Henry Ford II Professor of International Business Economics at the Anderson Graduate School of Management at the University of California at Los Angeles and Research Associate at the National Bureau of Economic Research. Author and subject indexes.”",Journal of Economic Literature,2008-12-01,journal-article,https://doi.org/10.1257/jel.46.4.989.r4,2328-8175,Journal of Economic Literature,ECON,American Economic Association,4,4,4
10.1257/jel.46.4.989.r5,Book Reviews,,,"Gary Clyde Hufbauer of Peterson Institute for International Economics reviews “Economic Sanctions: International Policy and Political Economy at Work” by Robert Eyler,. The EconLit Abstract of the reviewed work begins “Develops an open economy macroeconomic model of international economic sanctions, and reviews game and public choice theories of economic coercion. Discusses the choice to sanction or not to sanction; basic sanction analysis; sanction initiation and continuance--the entrance of game theory; public choice theory and smart sanctions; open economy macroeconomics and sanctions; mathematical derivations of the new open economy macroeconomics sanctions model; and empirical analyses of sanction effectiveness. Eyler is Associate Professor and Chair of Economics at Sonoma State University. Bibliography; index.”",Journal of Economic Literature,2008-12-01,journal-article,https://doi.org/10.1257/jel.46.4.989.r5,2328-8175,Journal of Economic Literature,ECON,American Economic Association,4,4,4
10.1257/jel.46.4.989.r6,Book Reviews,,,"Catherine L. Mann of Brandeis University reviews “Untangling the US Deficit: Evaluating Causes, Cures and Global Imbalances” by Richard A. Iley, Mervyn K. Lewis,. The EconLit Abstract of the reviewed work begins “Considers the nature of the U.S. current account deficit, focusing on its possible causes and the severity of its consequences. Considers the causes of the U.S. current account deficit, discussing the trade balance view, the absorption view, the savings and investment view, and the portfolio balance view. Examines the international dimension and the “global savings glut” view of the deficit. Explores the nature of the adjustment mechanisms to payments imbalances in the context of a world system of independent currencies and “international financial laissez-faire.” Presents alternative scenarios of the extent and sustainability of the U.S. current account position. Considers the demand for U.S. assets and the main sources of capital flows to the United States over the last decade. Analyzes the China-United States relationship and its connection with the U.S. trade deficit. Iley is Senior Economist with BNP Paribas. Lewis is Professor of Banking and Finance at the University of South Australia and Fellow of the Academy of Social Sciences. Index.”",Journal of Economic Literature,2008-12-01,journal-article,https://doi.org/10.1257/jel.46.4.989.r6,2328-8175,Journal of Economic Literature,ECON,American Economic Association,4,4,4
10.1257/jel.46.4.989.r7,Book Reviews,,,"Francisco Rodriguez of United Nations Development Programme and Wesleyan University reviews “Free Trade Reimagined: The World Division of Labor and the Method of Economics” by Roberto Mangabeira Unger,. The EconLit Abstract of the reviewed work begins “Examines the contest over free trade and over the form of an open international economy, focusing on the world division of labor and the method of economics. Discusses why there is intellectual as well as practical trouble with the doctrine of free trade. Addresses the intellectual core of the argument for trade--the doctrine of comparative advantage. Responds to the incompleteness of the doctrine of comparative advantage. Advances three theses about free trade. Explores the programmatic implications of the analysis and its consequences for the reformation of the world trading system and the redirection of national development strategies. Unger is Brazil's Minister of Long-Term Planning. Name and subject indexes.”",Journal of Economic Literature,2008-12-01,journal-article,https://doi.org/10.1257/jel.46.4.989.r7,2328-8175,Journal of Economic Literature,ECON,American Economic Association,4,4,4
10.1257/jel.46.4.989.r8,Book Reviews,,,"Shawn Cole of Harvard University reviews “Finance for All? Policies and Pitfalls in Expanding Access” by. The EconLit Abstract of the reviewed work begins “Presents the World Bank's first efforts at developing indicators illustrating the limitations of financial access across the world and identifies barriers that may be preventing small firms and poor households from using financial services. Discusses access to finance and development--theory and measurement; firms' access to finance--entry, growth, and productivity; household access to finance--poverty alleviation and risk mitigation; and the government's role in facilitating access. Index.”",Journal of Economic Literature,2008-12-01,journal-article,https://doi.org/10.1257/jel.46.4.989.r8,2328-8175,Journal of Economic Literature,ECON,American Economic Association,4,4,4
10.1257/jel.46.4.989.r9,Book Reviews,,,"Michael Hurd of RAND and NBER reviews “The Economic Theory of Annuities” by Eytan Sheshinski,. The EconLit Abstract of the reviewed work begins “Presents a theoretical analysis of the functioning of private annuity markets. Discusses benchmark calculations--savings and retirement; survival functions, stochastic dominance, and changes in longevity; a life cycle model with longevity risk--first best and competitive equilibrium; comparative statistics, discounting, partial annuitization, and no annuities; subjective beliefs and survival probabilities; moral hazard; uncertain future survival functions; pooling equilibrium and adverse selection; income uncertainty; life insurance and differentiated annuities; annuities, longevity, and aggregate savings; utilitarian pricing of annuities; optimum taxation in pooling equilibria; bundling of annuities and other insurance products; and financial innovation--refundable annuities (annuity options). Sheshinski is Sir Isaac Wolfson Professor of Public Finance at Hebrew University. Index.”",Journal of Economic Literature,2008-12-01,journal-article,https://doi.org/10.1257/jel.46.4.989.r9,2328-8175,Journal of Economic Literature,ECON,American Economic Association,4,4,4
10.1257/jel.46.3.718.r1,Book Reviews,,,"Christopher Adam of University of Oxford and African Economic Research Consortium reviews “Capacity Building in Economics Education and Research” by Francois Bourguignon, Yehuda Elkana, Boris Pleskovic,. The EconLit Abstract of the reviewed work begins “Nineteen papers and nine comments, resulting from a conference hosted by the Central European University and the World Bank in Budapest in June 2005, contribute to readers' understanding of building local capacity in economics education and research in developing and transition countries. Papers focus on lessons of experience and future directions; regional perspectives; developing graduate economics education programs; and scaling up capacity building to underserved regions. Bourguignon and Pleskovic are with the World Bank. Elkana is at Central European University. No index.”",Journal of Economic Literature,2008-09-01,journal-article,https://doi.org/10.1257/jel.46.3.718.r1,2328-8175,Journal of Economic Literature,ECON,American Economic Association,4,4,4
10.1257/jel.46.3.718.r10,Book Reviews,,,"Earl L. Grinols of Baylor University reviews “The Healthcare Fix: Universal Insurance for All Americans” by Laurence J. Kotlikoff,. The EconLit Abstract of the reviewed work begins “Explores the proposed Medical Security System as a possible solution to America's current healthcare crisis. Discusses the suicidal status quo in American health care; the dangers of allowing Medicare and Medicaid to continue in their current forms; restraining expenditure growth--an anatomy of failure; the imperatives of paternalism; universalizing health insurance; the Medical Security System; and the healthcare fix. Kotlikoff is Professor of Economics at Boston University. Glossary; index.”",Journal of Economic Literature,2008-09-01,journal-article,https://doi.org/10.1257/jel.46.3.718.r10,2328-8175,Journal of Economic Literature,ECON,American Economic Association,4,4,4
10.1257/jel.46.3.718.r11,Book Reviews,,,"Isaac McFarlin of University of Michigan reviews “After Admission: From College Access to College Success” by James E. Rosenbaum, Regina Deil-Amen, Ann E. Person,. The EconLit Abstract of the reviewed work begins “Examines the problems that have arisen with the evolution of community colleges over the past few decades, explores why the problems occur, and considers how to improve these colleges so that they can effectively educate and graduate their new students. Discusses community colleges--traditional college procedures for nontraditional students; research methods; “warming up” the aspirations of community college students; the unintended consequences of stigma-free remediation; student information problems with college procedures; the social prerequisites of success; charter building and job contacts; labor-market linking among faculty; educational outcomes of labor-market linking; to teach or not to teach “social skills”; and organizational procedures to reduce student problems. Rosenbaum is Professor of Sociology, Education, and Social Policy, and Research Fellow, in the Institute for Policy Research at Northwestern University. Deil-Amen is Assistant Professor of Education with the Center for the Study of Higher Education in the College of Education at the University of Arizona. Person is a doctoral candidate in human development and social policy at Northwestern University. Index.”",Journal of Economic Literature,2008-09-01,journal-article,https://doi.org/10.1257/jel.46.3.718.r11,2328-8175,Journal of Economic Literature,ECON,American Economic Association,4,4,4
10.1257/jel.46.3.718.r12,Book Reviews,,,"Miguel N. Foguel of Instituto de Pesquisa Economica Aplicada reviews “Minimum Wages and Social Policy: Lessons from Developing Countries” by Wendy V. Cunningham,. The EconLit Abstract of the reviewed work begins “Systematically explores the minimum wage as a policy tool for decreasing poverty and redressing social inequities in the developing country context. Discusses context and framework; minimum wage institutions in Latin America and the Caribbean--what are they and who earns them; the worker--how minimum wages affect other wages and employment; the households--the minimum wage as an antipoverty tool; the state--the minimum wage implications for public expenditures; and the international community--lessons from their experiences. Index.”",Journal of Economic Literature,2008-09-01,journal-article,https://doi.org/10.1257/jel.46.3.718.r12,2328-8175,Journal of Economic Literature,ECON,American Economic Association,4,4,4
10.1257/jel.46.3.718.r13,Book Reviews,,,"Terry Calvani of Freshfields Bruckhaus Deringer LLP reviews “European Antitrust Law: Prohibitions, Merger Control and Procedures” by Lorenzo Federico Pace,. The EconLit Abstract of the reviewed work begins “Examines current European Community antitrust and merger control rules in their historical context, considering both the economic foundations and guiding principles of the law. Discusses cartels and the process of European integration; European antitrust powers; Article 81 EC; Article 82 EC; Articles 81 and 82 EC applied to the member states; vertical aspects of European antitrust law; the bodies and institutions of the European antitrust enforcement system; the antitrust enforcement system established by the European Community Treaty; the antitrust enforcement system established by Regulation 1/03; European merger control; and the merger control system established by Regulation 139/04. Pace is Associate Professor of European Union Law at the University of Camerino. Bibliography; index.”",Journal of Economic Literature,2008-09-01,journal-article,https://doi.org/10.1257/jel.46.3.718.r13,2328-8175,Journal of Economic Literature,ECON,American Economic Association,4,4,4
10.1257/jel.46.3.718.r14,Book Reviews,,,"Ernie Goss of Creighton University reviews “The Economics of Casino Gambling” by Douglas M. Walker,. The EconLit Abstract of the reviewed work begins “Explores the economic effects of casino gambling, particularly the economic growth and the social costs that may accompany legalized casino gambling. Papers discuss casino gambling and economic growth; misconceptions about casinos and growth; evidence on the growth effects of gambling; relationships among U.S. gambling industries; the social costs of gambling; miscellaneous social cost issues; problems in gambling research; and using research to inform policy. Walker is in the Department of Economics at Georgia College. Index.”",Journal of Economic Literature,2008-09-01,journal-article,https://doi.org/10.1257/jel.46.3.718.r14,2328-8175,Journal of Economic Literature,ECON,American Economic Association,4,4,4
10.1257/jel.46.3.718.r15,Book Reviews,,,"Gale A. Boyd of Duke University reviews “Emergence and Survival of New Businesses: Econometric Analyses” by Oliver Falck,. The EconLit Abstract of the reviewed work begins “Examines the determinants of new business formation and their survival, and considers whether business startups, especially in the service sector, will create employment and thereby generate growth. Discusses the effects of new business formation on industry growth; new businesses and regional development; new business formation by industry over space and time; new business survival by industry over space and time; and a microeconometric survival analysis of new businesses. Falck is with the Ifo Institute for Economic Research. Index.”",Journal of Economic Literature,2008-09-01,journal-article,https://doi.org/10.1257/jel.46.3.718.r15,2328-8175,Journal of Economic Literature,ECON,American Economic Association,4,4,4
10.1257/jel.46.3.718.r2,Book Reviews,,,"David Colander of Middlebury College reviews “Do Economists Make Markets? On the Performativity of Economics” by Donald MacKenzie, Fabian Muniesa, Lucia Siu,. The EconLit Abstract of the reviewed work begins “Ten papers, most originally presented at a workshop held at the Ecole Nationale Superieure des Mines de Paris in August 2004, explore the potential of the notion of performativity in economics. Papers discuss the social construction of a perfect market--the strawberry auction at Fontaines-et-Sologne (Marie-France Garcia-Parpet); whether economics is performative--option theory and the construction of derivatives markets (Donald MacKenzie); decoding finance--articulation and liquidity around a trading room (Vincent-Antonin Lepinay); how to do things with experimental economics (Francesco Guala); economic experiments and the construction of markets (Fabian Muniesa and Michel Callon); markets made flesh--performativity, and a problem in science studies, augmented with consideration of the Federal Communications Commission auctions (Philip Mirowski and Edward Nik-Khah); which way is up on Callon (Petter Holm); the properties of markets (Timothy Mitchell); whether statistics “perform” the economy (Emmanuel Didier); and what it means to say that economics is performative (Callon). MacKenzie is Professor of Sociology, and Siu is a doctoral student in sociology, at the University of Edinburgh. Muniesa is Researcher and Teacher at the Ecole des Mines de Paris. Index.”",Journal of Economic Literature,2008-09-01,journal-article,https://doi.org/10.1257/jel.46.3.718.r2,2328-8175,Journal of Economic Literature,ECON,American Economic Association,4,4,4
10.1257/jel.46.3.718.r3,Book Reviews,,,"Thomas Prusa of Rutgers University reviews “Globalization and Its Enemies” by Daniel Cohen,. The EconLit Abstract of the reviewed work begins “Explores globalization throughout history to determine how it has worked during three instances in the past, why the enemies of globalization oppose it, and why globalization does not always work for the poorest countries in the world. Discusses the birth of the north-south axis; moving from one globalization to another; the new world economy; the clash of civilizations; indigenous growth; the idea of the empire and globalization; and AIDS and debt. Cohen is Professor of Economics at the Ecole Normale Superieure and the University of Paris I. Index.”",Journal of Economic Literature,2008-09-01,journal-article,https://doi.org/10.1257/jel.46.3.718.r3,2328-8175,Journal of Economic Literature,ECON,American Economic Association,4,4,4
10.1257/jel.46.3.718.r4,Book Reviews,,,"Ronald B. Davies of University College Dublin reviews “Multinational Corporations and Foreign Direct Investment: Avoiding Simplicity, Embracing Complexity” by Stephen D. Cohen,. The EconLit Abstract of the reviewed work begins “Examines the debate surrounding the nature and effects of foreign direct investment (FDI) and multinational corporations (MNCs), and analyzes these phenomena in order to resolve the long-standing stalemate. Discusses a better approach to understanding FDI and MNCs; defining the subject--subtleties and ambiguities; from obscurity to international economic powerhouse--the evolution of MNCs; heterogeneity--the many kinds of FDI and MNCs and their disparate effects; perceptions and economic ideologies; why companies invest overseas; where MNCs invest and don't invest, and why; effects of FDI on less developed countries--vagaries, variables, negatives, and positives; why and how MNCs have altered international trade; MNCs versus the nation-state--whether sovereignty has been outsourced; the international regulation of MNCs--why there is no multilateral FDI regime; the case for FDI and MNCs; the case against FDI and MNCs; an agnostic conclusion--“it depends”; and an agenda for future action. Cohen is Professor in the School of International Service at American University. Index.”",Journal of Economic Literature,2008-09-01,journal-article,https://doi.org/10.1257/jel.46.3.718.r4,2328-8175,Journal of Economic Literature,ECON,American Economic Association,4,4,4
10.1257/jel.46.3.718.r5,Book Reviews,,,"Mordechai E. Kreinin of Michigan State University reviews “The Evolving Global Trade Architecture” by Dilip K. Das,. The EconLit Abstract of the reviewed work begins “Examines the evolution of the multilateral trade regime in the ever-changing global economic environment, particularly during the World Trade Organization era and the ongoing Doha Round. Discusses development, developing economies, and the multilateral trade regime; necessity for a development round; special treatment and policy space for the developing economies in the multilateral trade regime; the Fifth Ministerial Conference--the wheels come off at Cancun; the entrance of the developing economies--transforming the landscape of the multilateral trade regime; the Sixth Ministerial Conference--the lean Hong Kong harvest; and the Doha Round--a disenchanting evolutionary process. Das is a scholar, writer, and consultant to supranational organizations. Bibliography; index.”",Journal of Economic Literature,2008-09-01,journal-article,https://doi.org/10.1257/jel.46.3.718.r5,2328-8175,Journal of Economic Literature,ECON,American Economic Association,4,4,4
10.1257/jel.46.3.718.r6,Book Reviews,,,"Alix Peterson Zwane of Google.org reviews “Global Trade and Poor Nations: The Poverty Impacts and Policy Implications of Liberalization” by Bernard Hoekman, Marcelo Olarreaga,. The EconLit Abstract of the reviewed work begins “Ten papers consider the linkages between trade and poverty and the need for complementary measures to assist the poorest countries to benefit from global trade opportunities. Papers discuss the challenges to reducing poverty through trade reform--an overview (Bernard Hoekman and Marcelo Olarreaga); estimating the effects of global trade reform (Hiau Looi Kee, Alessandro Nicita, and Olarreaga); country studies of Ethiopia (Nicita); Madagascar (Nicita); Zambia (Jorge F. Balat, Irene Brambilla, and Guido G. Porto); Cambodia (Isidro Soloaga); Vietnam (Aylin Isik-Dikmelik); Bolivia (Gabriel Lara and Soloaga); and Nicaragua (Ania I. Gomez and Soloaga); and development and trade agreements--beyond market access (Hoekman). Hoekman is Research Manager of the International Trade team in the World Bank Development Research Group and Research Fellow at the Centre for Economic Policy Research. Olarreaga is Senior Economist in the World Bank's Development Research Group and Research Affiliate at the Centre for Economic Policy Research. Index.”",Journal of Economic Literature,2008-09-01,journal-article,https://doi.org/10.1257/jel.46.3.718.r6,2328-8175,Journal of Economic Literature,ECON,American Economic Association,4,4,4
10.1257/jel.46.3.718.r7,Book Reviews,,,"Malcolm Baker of Harvard University reviews “The Battle for the Soul of Capitalism” by John C. Bogle,. The EconLit Abstract of the reviewed work begins “Explores how to restore integrity to corporate and investment America and how to protect small investors' interests, offering a host of practical reforms. Discusses what went wrong, why it went wrong, and how to return an aspect of American capitalism to its owners, focusing on corporate America, investment America, and mutual fund America. Bogle is founder and former CEO of Vanguard Mutual Funds. Index.”",Journal of Economic Literature,2008-09-01,journal-article,https://doi.org/10.1257/jel.46.3.718.r7,2328-8175,Journal of Economic Literature,ECON,American Economic Association,4,4,4
10.1257/jel.46.3.718.r8,Book Reviews,,,"Sara Markowitz of Emory University reviews “Paying the Tab: The Economics of Alcohol Policy” by Philip J. Cook,. The EconLit Abstract of the reviewed work begins “Presents an analysis of the complex policy issue of alcohol control. Discusses a brief history of the supply side; the alcoholism movement; drinking--a primer; prices and quantities; alcohol control as injury prevention; long-term effects--hearts and minds; the tendency of drinkers to earn more than those who abstain; evaluating interventions; regulating supply; taxing the alcohol industry; youth as a special case; and alcohol-control policy for the twenty-first century. Cook is Professor of Public Policy and Economics at Duke University. Index.”",Journal of Economic Literature,2008-09-01,journal-article,https://doi.org/10.1257/jel.46.3.718.r8,2328-8175,Journal of Economic Literature,ECON,American Economic Association,4,4,4
10.1257/jel.46.3.718.r9,Book Reviews,,,"Patricia M. Anderson of Dartmouth College reviews “Higher Ground: New Hope for the Working Poor and Their Children” by Greg J. Duncan, Aletha C. Huston, Thomas S. Weisner,. The EconLit Abstract of the reviewed work begins “Explores how the city of Milwaukee's New Hope program can serve as a model for national antipoverty policies. Discusses creating New Hope; participants; the evaluation; work and poverty; children; families; New Hope's lessons; and New Hope and national policy. Duncan is Edwina S. Tarry Professor of Education and Social Policy and Faculty Fellow in the Institute for Policy Research at Northwestern University. Huston is Priscilla Pond Flawn Regents Professor of Child Development and Fellow in the Population Research Institute at the University of Texas, Austin. Weisner is Professor of Anthropology in the Departments of Psychiatry and Anthropology at the University of California, Los Angeles. Index.”",Journal of Economic Literature,2008-09-01,journal-article,https://doi.org/10.1257/jel.46.3.718.r9,2328-8175,Journal of Economic Literature,ECON,American Economic Association,4,4,4
