doi,title,authors,affiliations,abstract,journal,published_date,crossref_type,url,source_issn,abs_journal_title,abs_field,abs_publisher,abs_ajg2024,abs_ajg2021,abs_ajg2018,digest_tier
10.1177/10422587261485961,"Appearance-Based Legitimate Distinctiveness: Founder Attractiveness, Gender, and Venture Evaluations",Henrik Lekkas; Torben Antretter; Ivo Blohm; Charlotta Sirén; Joakim Wincent,"University of St.Gallen, Switzerland; Hanken School of Economics, Finland","This study proposes a way to reconcile the beauty premium and beauty-is-beastly arguments by suggesting that founder appearance is processed through two separable and countervailing channels: perceived legitimacy and perceived distinctiveness. We further theorize that in startups, the relationship is gendered, because women do not fit the entrepreneurial prototype, limiting their perceived legitimacy. A field study of 359 founders supports our theorizing that male founders are evaluated best when moderately attractive, while female founders see no significant attractiveness effects. A preregistered experiment with 771 participants, using AI-manipulated attractiveness, does not confirm these patterns but supports our theorizing about both mediators.",Entrepreneurship Theory and Practice,2026-09-28,journal-article,https://doi.org/10.1177/10422587261485961,1540-6520,Entrepreneurship Theory and Practice,ENT-SBM,Wiley-Blackwell,4*,4,4,4*
10.1177/10422587261485969,How Can We Research Social Mobility in Entrepreneurship?,Elsa T. Chan; Steven A. Brieger; Ngoc Luu; Marii Paskov; Mirela Xheneti,"University of Sussex, UK; NEOMA Business School, France; University of Bristol, UK","Social mobility is a central concern in contemporary societies, yet its dynamics within entrepreneurship remain insufficiently understood. This paper’s purpose is to facilitate research on entrepreneurial social mobility by making three key contributions: first, we examine the distinct conceptual and methodological challenges related to capturing social mobility in entrepreneurship and provide strategies for solving them; second, we introduce multidimensional social mobility measures that move beyond the predominant focus on income-based metrics in existing quantitative research; third, we demonstrate how alternative quantitative and qualitative methods can produce more holistic evidence for understanding social mobility among entrepreneurs.",Entrepreneurship Theory and Practice,2026-09-28,journal-article,https://doi.org/10.1177/10422587261485969,1540-6520,Entrepreneurship Theory and Practice,ENT-SBM,Wiley-Blackwell,4*,4,4,4*
10.1002/smj.70132,Designing for unanticipated uses: How product attributes shape community‐led exaptation,Shi‐Ying Lim; Tian Heong Chan,"School of Computing, National University of Singapore Singapore; Goizueta Business School, Emory University Atlanta Georgia USA","Abstract Research Summary Users often discover new uses for products that firms may later commercialize, which we call community‐led exaptation. We examine how product attributes shape users' discovery of new functions versus new functionalities. Using 1925 IKEA product hacks, we find that modularity increases the likelihood of new functions. This effect strengthens when product components are compatible across product lines but weakens when esthetic product variants exist. Visual simplicity, conversely, increases the likelihood of new functionalities. These findings suggest that firms can structure the opportunity space for discovery through product design. Exploratory analysis of archival data and interviews further illustrates how IKEA responds to these discoveries. We contribute to exaptation, user innovation, and design research by showing how product attributes shape the types of new uses communities discover. Managerial Summary How can firms design products to facilitate community‐led exaptation? We find that product attributes can shape what users discover. Modular products enable users to find new functions (i.e., applications), while visually simple products enable users to find new functionalities (i.e., new product capabilities). Firms' decisions to offer components that are compatible across product lines and esthetic product variants can influence the likelihood of new functions. Additionally, firms can capitalize on these new uses by showcasing promising community‐discovered functions on official channels or incorporate them as complements to existing product lines. However, functional modifications can raise safety concerns and may require additional development. Firms should therefore design for intended use, and for the kinds of new uses they are willing to seed and commercialize.",Strategic Management Journal,2026-09-27,journal-article,https://doi.org/10.1002/smj.70132,1097-0266,Strategic Management Journal,STRAT,Wiley-Blackwell,4*,4*,4*,4*
10.1002/smj.70131,Correction to “Revisiting Zuckerman's (1999) categorical imperative: An application of epistemic maps for replication”,,,,Strategic Management Journal,2026-09-28,journal-article,https://doi.org/10.1002/smj.70131,1097-0266,Strategic Management Journal,STRAT,Wiley-Blackwell,4*,4*,4*,4*
10.1086/744185,A Farewell to Public Religion? Retheorizing and Assessing the Public Relevance of Religion,"Damon Mayrl; Gary J. Adler, Jr.; Jonathan S. Coley; Rebecca Sager; Elise Wolff; John P. Miller",,,American Journal of Sociology,2026-09-28,journal-article,https://doi.org/10.1086/744185,1537-5390,American Journal of Sociology,SOC SCI,University of Chicago Press,4*,4*,4*,4*
10.1111/puar.70201,"Artificial Intelligence, Bureaucratic Discretion, and Democratic Administration",L. Jason Anastasopoulos,University of Georgia Athens Georgia USA,"ABSTRACT Since the start of the COVID ‐19 pandemic, many countries have been using artificial intelligence ( AI ) to replace civil service personnel. We argue that this practice undermines core democratic values. Using the public values framework, we identify four clusters of values that are threatened when bureaucratic discretion is transferred to algorithms: accountability, fairness and equity, individual consideration, and reason‐giving. Each of these values is incompatible with how algorithms render decisions. Because algorithms produce outputs based on statistical regularities, they diffuse responsibility across multiple parties, fail to make accurate predictions about anomalous cases, and attenuate citizens' claims to individualized consideration. Thus, this article frames AI adoption as a constitutional question about which decisions can be automated, and which should remain under human control because they implicate democratic values. We propose a centaur model in which AI supports rather than replaces human officials, which can preserve efficiency while protecting democratic governance.",Public Administration Review,2026-09-27,journal-article,https://doi.org/10.1111/puar.70201,1540-6210,Public Administration Review,PUB SEC,Wiley-Blackwell,4*,4*,4*,4*
10.1037/apl0001420,A meta-analytic examination of the criterion-related validity and cognitive loading associated with traditional and new situational judgment test paradigms.,Filip Lievens; You Zhou; Jomel Wei Xuan Ng; Liyan Xi; Yixin Tian; Paul R. Sackett; Michelle Martin-Raugh,,,Journal of Applied Psychology,2026-09-28,journal-article,https://doi.org/10.1037/apl0001420,1939-1854,Journal of Applied Psychology,PSYCH (WOP-OB),APA,4*,4*,4*,4*
10.1037/apl0001424,"The shape of recovery activities: A person-centered study of evening recovery activity profiles, their work antecedents, and outcomes.",Khalid M. Alameer; Ute R. Hülsheger; Mo Wang; Sabine Sonnentag; Jan Schepers; Sjir Uitdewilligen,,,Journal of Applied Psychology,2026-09-28,journal-article,https://doi.org/10.1037/apl0001424,1939-1854,Journal of Applied Psychology,PSYCH (WOP-OB),APA,4*,4*,4*,4*
10.1287/opre.2022.0630,In Which Matching Markets Do Costly Compatibility Inspections Lead to a Deadlock?,Nicole Immorlica; Yash Kanoria; Jiaqi Lu,"Microsoft Research New England, Cambridge, Massachusetts 02142; and Department of Computer Science, Yale University, New Haven, Connecticut 06511; Decision, Risk, and Operations Division, Columbia Business School, Columbia University, New York, New York 10027; School of Data Science and School of Management and Economics, The Chinese University of Hong Kong, Shenzhen, Guangdong 518172, China","When Learning About a Match Stalls the Market In many matching markets, participants must investigate whether a match is feasible. When inspection is costly, participants may delay investigating a potential match until both sides have effectively committed. Such caution can cause each side to wait for others to act, creating an “information deadlock.” In their article, “In Which Matching Markets Do Costly Compatibility Inspections Lead to a Deadlock?” Immorlica, Kanoria, and Lu study this problem in random two-sided markets. They characterize how deadlock depends on the market balance, market connectivity, and the chance that inspections succeed. Using statistical physics tools, their analysis identifies phase transitions between deadlock-free and deadlocked markets. The findings offer design guidance: More choice is not always better; match rates are highest at the deadlock phase boundary; and parallel inspections and clearer participant differentiation can reduce the extent to which waiting chains stall the market.",Operations Research,2026-09-28,journal-article,https://doi.org/10.1287/opre.2022.0630,1526-5463,Operations Research,OR&MANSCI,Institute for Operations Research and the Management Sciences,4*,4*,4*,4*
10.1287/opre.2025.2478,Subsidised Proportionality in Fair Allocation,Xiaowei Wu; Cong Zhang; Shengwei Zhou,"State Key Laboratory in the Internet of Things for Smart City, University of Macau, Macau 999078, China; School of Physical and Mathematical Sciences, Nanyang Technological University, 637371 Singapore","The Price of a Fair Share Imagine dividing a limited set of resources among a group of people. When the items cannot be split, even a carefully chosen allocation may leave someone feeling shortchanged. One practical response is to offer compensation, but then a new question arises: how much money is enough? This paper develops ways to make such allocations fair while keeping the total compensation as small as possible. It identifies the exact worst-case cost when everyone has the same claim and provides strong guarantees when claims differ. The approach works for both desirable resources and burdensome tasks. The findings appear in the forthcoming Operations Research paper, “Subsidised Proportionality in Fair Allocation,” by Xiaowei Wu, Cong Zhang, and Shengwei Zhou.",Operations Research,2026-09-28,journal-article,https://doi.org/10.1287/opre.2025.2478,1526-5463,Operations Research,OR&MANSCI,Institute for Operations Research and the Management Sciences,4*,4*,4*,4*
10.1287/mnsc.2025.02137,Who Directs the Control Tower? Customer vs. Supplier-Managed Inventory in Supply Chains,Shi Chen; Morris A. Cohen; Hau L. Lee,"Foster School of Business, University of Washington, Seattle, Washington 98195; Wharton School of Business, University of Pennsylvania, Philadelphia, Pennsylvania 19104; Graduate School of Business, Stanford University, Stanford, California 94305","Information distortion and incentive misalignment often undermine supply chain performance. In response, many firms adopt a “control tower” approach, whereby one party assumes responsibility for replenishment decisions across the supply chain. Industry examples showed that this role may be assigned to the customer, Customer-Managed Inventory (CMI), or to the supplier, Supplier-Managed Inventory (SMI). This paper investigates when one governance structure is preferable. We study a two-echelon, one-to-many supply chain consisting of a single supplier and a customer operating multiple warehouses. We characterize optimal base-stock policies and equilibrium holding-cost-sharing parameters under CMI and SMI and benchmark them against decentralized operations and a fully centralized system. Two primary forces shape the choice between CMI and SMI: the relative shortage penalty costs of the two parties and the structure of the customer’s distribution network. Specifically, CMI is preferred when the customer faces relatively higher shortage penalties and operates in a more asymmetric environment—for example, when demand is concentrated in a subset of its warehouses or when replenishment lead times vary substantially across these locations. In contrast, SMI is favored under opposite conditions. We further examine how intertemporal and interspatial demand correlations affect this comparison. A key finding is that, although neither CMI nor SMI achieves the first-best outcome, their efficiency loss relative to full centralization is typically small. Calibrated numerical studies based on four industry cases disentangle the incremental value of information sharing, decision-right transfer, and cost sharing, showing that most performance gains stem from decision-right transfer supported by appropriate holding-cost sharing. This paper was accepted by Jayashankar Swaminathan, operations management. Supplemental Material: The online appendix and data files are available at https://doi.org/10.1287/mnsc.2025.02137 .",Management Science,2026-09-28,journal-article,https://doi.org/10.1287/mnsc.2025.02137,1526-5501,Management Science,OR&MANSCI,Institute for Operations Research and the Management Sciences,4*,4*,4*,4*
10.1287/mnsc.2024.07339,How Awareness of Media Slant Affects Reaction to News: Field and Experimental Evidence from Microblog Users,Yihong Huang; Juanjuan Meng; Xi Weng,"Guanghua School of Management, Peking University","This paper investigates whether news consumers react strategically to media slant. Using data from Microblog users and an online experiment that varies whether sources and stances are disclosed, we find that users are more likely to repost news consistent with their own attitudes, yet they also exhibit a higher propensity to repost news inconsistent with the reporting outlet’s general stance. Evidence suggests that this latter behavior reflects strategic inference: users recognize the outlet’s tradeoff between popularity and stance, and thus infer greater popularity for inconsistent news. Heterogeneity analysis indicates that users with stronger Bayesian updating and level-k reasoning abilities display larger strategic reactions. Finally, we show that simply reminding users of media slant can serve as an effective nudge to foster more strategic responses. This paper was accepted by John Beshears, behavioral economics and decision analysis. Funding: This work was supported by National Natural Science Foundation of China [Grants 72225002, 72394393, 72225001, 72192843, 72531001]. Supplemental Material: The online appendix and data files are available at https://doi.org/10.1287/mnsc.2024.07339 .",Management Science,2026-09-28,journal-article,https://doi.org/10.1287/mnsc.2024.07339,1526-5501,Management Science,OR&MANSCI,Institute for Operations Research and the Management Sciences,4*,4*,4*,4*
10.1287/isre.2026.abtheau.v37.n3,About Our Authors,,,,Information Systems Research,2026-09-01,journal-article,https://doi.org/10.1287/isre.2026.abtheau.v37.n3,1526-5536,Information Systems Research,INFO MAN,Institute for Operations Research and the Management Sciences,4*,4*,4*,4*
10.1287/isre.2026.eb.v37n3,Editorial Board,,,,Information Systems Research,2026-09-01,journal-article,https://doi.org/10.1287/isre.2026.eb.v37n3,1526-5536,Information Systems Research,INFO MAN,Institute for Operations Research and the Management Sciences,4*,4*,4*,4*
10.1287/isre.2026.resspot.v37.n3,Research Spotlights,,,,Information Systems Research,2026-09-01,journal-article,https://doi.org/10.1287/isre.2026.resspot.v37.n3,1526-5536,Information Systems Research,INFO MAN,Institute for Operations Research and the Management Sciences,4*,4*,4*,4*
10.1057/s41267-026-00907-1,Commentary on Han et al.’s meta-analytic work on high-investment human resource practices: through the 3P lens for workforce management,Riki Takeuchi; He Huang; April Ye Zhou; Hwayoung Kim; Zelu Zhang,,"Abstract Han, Kang, Allen and Pan’s (2026) meta-analysis integrates human capital resources (HCR) theory and institutional theory to examine how educational systems and labor market institutions jointly influence the effectiveness of high-investment human resource practices (HIHRPs). Contrary to their theoretical prediction, low–low educational system and labor market configurations relate to firm performance as positively as high–high configurations do, and that puzzle remains unresolved. This combination describes the institutional profile of many host economies, which makes it an international business problem: should multinational enterprises transfer their HIHRPs abroad or adapt to local practice? This commentary outlines substitution effects, drawn from the institutional voids literature and organizational support theory, as an alternative mechanism that may better account for its effect. We reflect that theoretical parsimony, while elegant, could oversimplify and obscure complex phenomena that span multiple levels of analysis, the types of topics that strategic international human resource management (SIHRM) aims to research. We then propose a people–places–practices (3P) lens to note the theoretical directions Han et al.’s work addresses and those it leaves for future work. The commentary illustrates how deliberate theory integration, guided by the specific research question and institutional context, can enhance explanatory power in SIHRM research.",Journal of International Business Studies,2026-09-28,journal-article,https://doi.org/10.1057/s41267-026-00907-1,1478-6990,Journal of International Business Studies,IB&AREA,Springer Nature,4*,4*,4*,4*
10.1177/00018392261477694,“Clean” Meat? Regulatory Entrepreneurship and Jurisdictional Contestation in a Nascent Industry,Cheng Gao; Alicia DeSantola; Nina Guilbeault,"University of Michigan, USA; University of Washington, USA; Former Lecturer, UC Berkeley, USA","In nascent industries, uncertainty about which regulatory agency has jurisdiction is often a major challenge for pioneering ventures. Yet, much of the literature on new ventures’ nonmarket strategy takes for granted the existence of a designated regulator. How do ventures manage regulatory jurisdictional uncertainty? We conduct an inductive, multi-case research study on how entrepreneurial organizations pioneering the nascent cell-cultivated-meat industry navigated such uncertainty in the United States between 2015 and 2019. Drawing on extensive semi-structured interviews and archival data, we uncover stratagems and processes that organizations employ across three phases of regulatory jurisdictional uncertainty: jurisdictional void, contestation, and convergence. Our resulting theoretical framework distinguishes two overarching strategies— complementary and oppositional —and unpacks their underlying mechanisms, theorizing how they enable organizations to influence jurisdictional uncertainty. Our study uniquely elucidates the rich dynamics among the disparate actors that compose nascent technology-enabled industries: new ventures, nonprofits, incumbents, investors, and regulators. More broadly, it provides a fresh perspective on how entrepreneurial organizations shape the regulatory architecture of the industries they are striving to create.",Administrative Science Quarterly,2026-09-28,journal-article,https://doi.org/10.1177/00018392261477694,1930-3815,Administrative Science Quarterly,ETHICS-CSR-MAN,Cornell University Press,4*,4*,4*,4*
10.1086/743929,JPE Turnaround Times,,,,Journal of Political Economy,2026-09-01,journal-article,https://doi.org/10.1086/743929,1537-534X,Journal of Political Economy,ECON,University of Chicago Press,4*,4*,4*,4*
10.1086/744158,Front Matter,,,,Journal of Political Economy,2026-09-01,journal-article,https://doi.org/10.1086/744158,1537-534X,Journal of Political Economy,ECON,University of Chicago Press,4*,4*,4*,4*
10.1086/744159,Recent Referees,,,,Journal of Political Economy,2026-09-01,journal-article,https://doi.org/10.1086/744159,1537-534X,Journal of Political Economy,ECON,University of Chicago Press,4*,4*,4*,4*
10.1177/00380385261489177,Teaching sociology in higher education: Pedagogical practices and possibilities,Carli Ria Rowell; Rachel Brooks,"Department of Sociology University of Sussex, Brighton, UK; Department of Education, University of Oxford, UK","British sociology has historically devoted relatively little time to discussing the pedagogical practices and possibilities of sociological teaching within higher education. This article discusses the changing landscape of higher education and the pressures and pulls currently shaping teaching within the discipline of sociology. It then presents a brief distillation and outline of the articles that feature in this special issue, each of which presents an innovative approach to sociological pedagogy to best bring alive the discipline. In this way, the issue makes a significant contribution to the pedagogy of sociology at a time when the discipline and the wider work of the university are often under attack.",Sociology,2026-09-28,journal-article,https://doi.org/10.1177/00380385261489177,1469-8684,Sociology,SOC SCI,SAGE,4,4,4,4
10.1177/00380385261477965,‘Only by safeguarding democracy can we freely chase stars’: How Taiwan’s K-pop fans renovated the movement culture,Ming-sho Ho; Shuling Huang,"National Taiwan University, Taipei City, Taiwan; National Yang Ming Chiao Tung University, Taiwan","This article bridges two literatures – fandom studies, which emphasises fans’ creative agency, and social movement research, which focuses on their resource contributions – by examining the participation of Taiwan’s K-pop fans in the 2024 Bluebird Action and 2025 Great Recall campaign. This study explores two questions: what drives the pro-democracy orientation of this fan activism, and how their involvement reshapes the wider culture of the movement. Drawing on an online survey and in-depth interviews, it demonstrates how fan protesters introduced novel scripts, articulated new moral vocabularies and deepened the democratic imagination. The case of Taiwan is particularly illuminating: as a vibrant democracy facing the authoritarian pressure from China, fan activists leveraged their participatory support culture for civic engagement. Participation by predominantly young, highly educated women also strengthened the movement’s anti-authoritarian and egalitarian ethos. The article shows how participants bring personal and collective identities into protest, influencing the movement’s cultural and political contours.",Sociology,2026-09-28,journal-article,https://doi.org/10.1177/00380385261477965,1469-8684,Sociology,SOC SCI,SAGE,4,4,4,4
10.1177/00380385261481465,"Book review: Hartmut Rosa, Frédéric Vandenberghe (editor), Christophe Fricker (translator),
                    <i>Time and World</i>
                    RosaHartmut (author), VandenbergheFrédéric (editor), FrickerChristophe (translator), Time and World, Polity Press: Cambridge, 2025; 220 pp.: ISBN: 9781509566273",Reza Azarian,"Uppsala University, Sweden",,Sociology,2026-09-29,journal-article,https://doi.org/10.1177/00380385261481465,1469-8684,Sociology,SOC SCI,SAGE,4,4,4,4
10.1111/risa.70369,How Can Multi‐Criteria Portfolio Decision Analysis Help Mitigate Mis/Disinformation?,Ahti Salo; Leevi Olander; Tuomas Raivio,Systems Analysis Laboratory Department of Mathematics and Systems Analysis Aalto University School of Science Aalto Finland,"ABSTRACT In this paper, we examine and illustrate the relevance of multi‐criteria portfolio decision analysis as an approach to addressing mis/disinformation risks. After summarizing representative applications of these methods, we draw on the framework for societal resilience developed in the Finnish COVID‐19 Science to Panel to elaborate on the range of capabilities that can be leveraged to mitigate mis/disinformation, for example, by maintaining alertness, implementing risk management actions, and interacting with stakeholders to promote awareness. We then present a numerical case study that illustrates how multi‐criteria portfolio decision analysis can be combined with probabilistic approaches for modeling voting behavior and the spread of mis/disinformation to identify cost‐efficient strategies consisting of combinations of risk management actions. We conclude by discussing some of the challenges posed by mis/disinformation.",Risk Analysis,2026-09-28,journal-article,https://doi.org/10.1111/risa.70369,1539-6924,Risk Analysis,SOC SCI,Wiley-Blackwell,4,4,4,4
10.1111/risa.70370,The Interactive Dynamic Social Trust Network‐Based Failure Mode and Effect Analysis Method Considering Correlative Cause and Effect Relationships,Ying Li; Xiaoli Wang; Peide Liu,School of Management Engineering Shandong Jianzhu University Jinan China; The School of Management Science and Engineering Shandong University of Finance and Economics Jinan China,"ABSTRACT Failure mode and effects analysis (FMEA) is a widely utilized tool for risk assessment and reliability analysis. The application of FMEA entails the engagement of members with diverse knowledge and backgrounds, giving rise to numerous issues during the process of determining evaluation information and resulting in deviations in risk management. Thus, an improved FMEA method considering the connection of the interactive dynamic trust relationship in social networks with the interactive mechanism among expert opinions is proposed. First, aiming to derive a comprehensive social trust matrix and expert weights, a multipath and parameter social trust network completion model based on evidence theory is developed. Second, considering the mutual influence between expert evaluation opinions and trust relationships, a dual‐interactive‐dynamic risk assessment feedback model based on opinion similarity and trust value is established, and the risk levels of each failure mode are quantified through linguistic distribution assessment (LDA). Finally, considering the correlative relationships among risk factors, the improved method considering correlative cause‐and‐effect relationships is employed for risk priority ranking. By applying the proposed method to the case of high‐quality development engineering in the Yellow River Basin, its effectiveness and superiority have been validated through sensitivity and comparative analyses.",Risk Analysis,2026-09-28,journal-article,https://doi.org/10.1111/risa.70370,1539-6924,Risk Analysis,SOC SCI,Wiley-Blackwell,4,4,4,4
10.1111/risa.70374,"Lexical Utilities, Precautionary Principle, and Continuous Quantities",Panagiotis Karadimas,National and Kapodistrian University of Athens Athens Greece; Hellenic Air Force Academy Acharnes Greece,"ABSTRACT Lexical utilities have been proposed as an attempt to model the precautionary principle. However, critics argue that this introduces hypersensitivity and allows for sweeping interventions for the sake of precaution no matter the possible costs. Advocates of lexical precautionary principle (LPP) have advanced a counterargument to this objection by suggesting that in lexicographic structures lower‐ranked criteria causally impact on higher‐ordered ones and so LPPs are not hypersensitive for they are seeking the precaution that minimizes overall risk. However, lexicographic models preclude, by definition, causal interaction between lower and higher‐ordered criteria and, second, they cannot model continuous quantities that are almost always necessary when cost‐benefit calculations take place. As a result, lexical utilities constitute a rather impossible modeling strategy of the precautionary principle.",Risk Analysis,2026-09-28,journal-article,https://doi.org/10.1111/risa.70374,1539-6924,Risk Analysis,SOC SCI,Wiley-Blackwell,4,4,4,4
10.1111/risa.70365,Assessing the Lagged Regional Economic Output Gaps After the 2015 South India Flood,Kehan He; Priti Parikh; Zhifu Mi,Institute for Climate and Carbon Neutrality The University of Hong Kong Hong Kong China; The Bartlett School of Sustainable Construction University College London London UK,"ABSTRACT Natural hazards can adversely impact society, environment, and human well‐being. The development of mitigation strategies is typically based on estimates of economic losses, but such estimates are difficult when high‐resolution post‐disaster data are scarce. Models such as the input–output model have traditionally served as tools for disaster footprint analysis, although their reliance on equilibrium assumptions and limited treatment of production‐capacity adjustment can constrain their application to short‐run natural‐hazard impacts. This study applies a dynamic sequential interindustry model (DSIM), combining recent developments in dynamic input–output analysis with regression‐based coefficient estimation, to examine conditional temporal output gaps after the 2015 South India Flood. Using monthly industrial production indicators and a two‐region aggregation of the 2015 Indian MRIO table, we investigate aggregate economic propagation between Tamil Nadu and the broader Indian economy. The results should be interpreted as model‐implied, conditional scenario estimates rather than independently validated measurements of the full economic cost of the flood. Under these assumptions, the estimated national output gap is approximately 1.6 times the highest available direct‐damage estimate, suggesting that aggregate interregional spillovers may be policy‐relevant even when only limited post‐disaster data are available.",Risk Analysis,2026-09-28,journal-article,https://doi.org/10.1111/risa.70365,1539-6924,Risk Analysis,SOC SCI,Wiley-Blackwell,4,4,4,4
10.1111/risa.70375,"Incorporating Hormesis Into Policy: Opportunities, Risks, and Governance Challenges",Evgenios Agathokleous,"Department of Ecology School of Ecology and Applied Meteorology, Nanjing University of Information Science and Technology Nanjing China; Climate and Atmosphere Research Center, The Cyprus Institute Nicosia Cyprus","ABSTRACT Public policy faces challenges when low and high exposures to the same stressor produce different, and sometimes opposite, biological effects. Hormesis challenges regulatory approaches based on linear assumptions, fixed thresholds, and population‐average responses. Here, I develop a policy framework for examining its implications across environmental regulation, public health, medicine, agriculture, and antimicrobial resistance. Dose, timing, duration, recovery, vulnerability, endpoint, and exposure context are essential dimensions of policy evaluation, while controlled interventions differ from involuntary environmental exposures. Hormesis alone does not justify increased exposure or regulatory relaxation, although case‐specific changes may be warranted by evidence of net benefit and acceptable risk. Its responsible incorporation can optimize precaution, improve regulatory responsiveness to biological complexity, and prevent low‐dose stimulation from being misinterpreted as evidence of safety or benefit.",Risk Analysis,2026-09-28,journal-article,https://doi.org/10.1111/risa.70375,1539-6924,Risk Analysis,SOC SCI,Wiley-Blackwell,4,4,4,4
10.1080/00343404.2026.2723302,Dual geographical and institutional boundary effects on intercity disparity in public services,Hehui Yuan; Qunwei Wang,Nanjing University of Aeronautics and Astronautics; Dalian University of Technology,,Regional Studies,2026-09-28,journal-article,https://doi.org/10.1080/00343404.2026.2723302,1360-0591,Regional Studies,"REGIONAL STUDIES, PLANNING AND ENVIRONMENT",Taylor & Francis,4,4,3.0,4
10.1080/00343404.2026.2726959,Long-term effects of regional shocks on new opportunity and necessity entrepreneurship,Emilio Congregado; Frank M. Fossen; Nicola Rubino; David Troncoso-Ponce,University of Huelva; University of Nevada-Reno; University of Valencia; University of Seville,,Regional Studies,2026-09-28,journal-article,https://doi.org/10.1080/00343404.2026.2726959,1360-0591,Regional Studies,"REGIONAL STUDIES, PLANNING AND ENVIRONMENT",Taylor & Francis,4,4,3.0,4
10.1080/00343404.2026.2726950,Knowledge search and regional technological diversification,Carlo Corradini; Erica Santini; Claudia Vecciolini,University of Reading; University of Trento; King’s College London,,Regional Studies,2026-09-28,journal-article,https://doi.org/10.1080/00343404.2026.2726950,1360-0591,Regional Studies,"REGIONAL STUDIES, PLANNING AND ENVIRONMENT",Taylor & Francis,4,4,3.0,4
10.1080/14719037.2026.2733927,Strategic planning for digital technology adoption: drivers and mechanisms in the public sector,Zhenming Huang; Shangrui Wang; Haolin Li; Zheng Liang,Renmin University of China; Tsinghua University; Central China Normal University,,Public Management Review,2026-09-27,journal-article,https://doi.org/10.1080/14719037.2026.2733927,1471-9045,Public Management Review,PUB SEC,Taylor & Francis,4,4,3.0,4
10.1080/14719037.2026.2737335,Unveiling the intangible: a systemic perspective for creativity and innovation in public organizations,Alessandra do Valle Abrahão; Siegrid Guillaumon,University of Brasília,,Public Management Review,2026-09-28,journal-article,https://doi.org/10.1080/14719037.2026.2737335,1471-9045,Public Management Review,PUB SEC,Taylor & Francis,4,4,3.0,4
10.1111/padm.70099,"A Replication of “Your Money, Your Life, or Your Freedom? A Discrete Choice Experiment on Trade‐Offs During a Public Health Crisis”",Binzizi Dong; Chung‐An Chen; Soojin Kim; Chih‐Wei Hsieh,"Centre for Public Affairs and Law City University of Hong Kong Kowloon Hong Kong; Public Policy and Global Affairs Programme, School of Social Sciences Nanyang Technological University Singapore Singapore; Department of Public and International Affairs City University of Hong Kong Kowloon Hong Kong","ABSTRACT A prior experiment conducted in Italy examined how individuals navigate trade‐offs among money, life, and freedom during government‐mandated lockdowns. This study replicates that experiment across three Confucian societies: Shanghai (China), Singapore, and Taipei (Taiwan). The findings indicate that, in the aggregate sample, the preference pattern of “money > life > freedom” mirrors that reported in the original study. However, when analyzed separately, residents of Taipei show stronger preferences for income and freedom than their counterparts in Singapore and Shanghai. Conversely, Singaporeans demonstrate heightened concern regarding the loss of life. In addition to replicating previous findings, this study contributes to the field of comparative public administration by highlighting the importance of considering contextual nuances in the formulation of crisis‐management practices by public managers.",Public Administration,2026-09-27,journal-article,https://doi.org/10.1111/padm.70099,1467-9299,Public Administration,PUB SEC,Wiley-Blackwell,4,4,4,4
10.1111/padm.70098,"The 150‐Year‐Old Hybrid Organization: A Historical View on Municipally Owned Corporations (
                    <scp>MOC</scp>
                    ) in Sweden",Anna Thomasson; Olof Hallonsten,Department of Accounting Copenhagen Business School Copenhagen Denmark; School of Economics and Management Lund University Lund Sweden,"ABSTRACT This article presents a 150‐year longitudinal analysis of the development of municipally owned corporations (MOCs) in Sweden, tracing their emergence in the mid‐nineteenth century, their expansion during the growth of the welfare state, and their transformation in the era of market‐oriented public sector reform. While MOCs are commonly discussed in relation to New Public Management (NPM) and contemporary forms of hybrid governance, this perspective overlooks their much longer historical trajectory. Drawing on three major Swedish government inquiries (1924, 1965, and 1982), complemented by secondary historical sources, we examine how MOCs have evolved across changing political, economic, and administrative contexts. The article conceptualizes MOCs as constitutional hybrids, organizations that combine elements of public authority and corporate governance by design, and employs insights from institutional theory and historical institutionalism to analyze their long‐term development. The findings identify three historical phases characterized by changing functions, governance rationales, and institutional expectations. Across these periods, MOCs were repeatedly reinterpreted and adapted to new circumstances while maintaining their basic organizational form. The study contributes to the literature on hybridity by demonstrating that hybridity should be understood not merely as a contemporary consequence of public sector reform, but as a historically evolving institutional condition. We argue that the enduring presence of MOCs reflects the adaptive capacity of hybrid organizational forms, whose flexibility allows them to accommodate shifting demands for efficiency, legitimacy, accountability, and public value. By historicizing hybridity, the article offers a new perspective on institutional resilience, and the long‐term evolution of public governance.",Public Administration,2026-09-27,journal-article,https://doi.org/10.1111/padm.70098,1467-9299,Public Administration,PUB SEC,Wiley-Blackwell,4,4,4,4
10.1080/02678373.2026.2718054,"Disruption, emotion, and self-management: a temporal framework for sustainable career outcomes – a systematic review",Ton Tol; Inge Van Seggelen-Damen; Annet De Lange; Jol Stoffers,"Open University of the Netherlands; Eindhoven University of Technology; Universidade da Coruña; Trondheim, Norwegian University of Science and Technology (NTNU); University of Stavanger; Open University; Zuyd University of Applied Sciences; Maastricht University",,Work &amp; Stress,2026-09-28,journal-article,https://doi.org/10.1080/02678373.2026.2718054,1464-5335,Work and Stress,PSYCH (WOP-OB),Taylor & Francis,4,4,3.0,4
10.1177/10944281261479058,Field Philosophy: A Methodological Approach to Organizational Philosophy-in-Practice,Stephanie Daher; Gazi Islam; Anahid Roux-Rosier,"King's College; Grenoble Ecole de Management; IREGE, Annecy, France; Fundaçao Dom Cabral","Organizational research methods have increasingly been concerned with the relation between scholarship and practice, as part of an impact-oriented, responsible management literature. These concerns find an unexpected ally in recent developments within the field of philosophy, in which a distant and abstract relation to the field is replaced by a practice-oriented, collaboratively intense form of engagement referred to as “field philosophy.” Considered as an organizational research method, field philosophy emphasizes exchange, knowledge from below, and insider–outsider collaboration. The current article develops field philosophy for the study of organizational phenomena, illustrating this method with an empirical illustration from a field study of a carbon credit project in the Brazilian Amazon, and drawing out implications for the design and application of field philosophical methods for studying organizations.",Organizational Research Methods,2026-09-28,journal-article,https://doi.org/10.1177/10944281261479058,1552-7425,Organizational Research Methods,ORG STUD,SAGE,4,4,4,4
10.1007/s10107-026-02425-2,Correction to: Real-weighted general factors on subcubic graphs,Shuai Shao; Stanislav Zivný,,,Mathematical Programming,2026-09-28,journal-article,https://doi.org/10.1007/s10107-026-02425-2,1436-4646,Mathematical Programming,OR&MANSCI,Springer Nature,4,4,4,4
10.1007/s10107-026-02424-3,Envelopes of sets and functions via algebraic closings and openings on complete lattices,A. Cabot,,,Mathematical Programming,2026-09-28,journal-article,https://doi.org/10.1007/s10107-026-02424-3,1436-4646,Mathematical Programming,OR&MANSCI,Springer Nature,4,4,4,4
10.1016/j.ejor.2026.09.021,Permutation tests on common production frontiers in nonparametric models,Anders Rønn-Nielsen; Dorte Kronborg; Mette Asmild,,,European Journal of Operational Research,2026-09-01,journal-article,https://doi.org/10.1016/j.ejor.2026.09.021,1872-6860,European Journal of Operational Research,OR&MANSCI,Elsevier,4,4,4,4
10.1177/10591478261495674,EXPRESS: Learning to Price under Competition with Reference Price Effects,Yongge Yang; Jiannan Ke; Cong Shi,,"This paper studies the algorithmic design of price competition in oligopolistic markets, with a focus on long-run market dynamics under reference price effects. We consider a sequential price competition framework with multiple sellers operating over a finite horizon, each lacking prior knowledge of the demand functions. Consumer demand depends not only on current prices but also on a reference price, defined as a weighted average of past prices that shapes consumer expectations. We characterize market stability through the concept of a stationary Nash equilibrium (SNE), where no seller has an incentive to deviate unilaterally and the reference price remains stable. To operate under incomplete demand information and limited observability of competitors' prices, we propose a Simultaneous Perturbation Stochastic Approximation with Callbacks (SPSAC) policy. Despite the lack of a monotonicity condition, which is typically required for convergence in online games, we show that this policy achieves a last-iterate convergence rate of O ( 1 / T ) for both prices and reference prices toward the SNE, along with a dynamic regret of O ( T ) over T periods. We further consider three extensions. In the first extension, when sellers have access to first-order feedback, the convergence rate improves to O ( 1 / T ) , highlighting the value of demand information in simplifying sequential price competition. In the second extension, where prices have long-term effects on the reference price and demand evolves as a nonstationary stochastic process, and in the third extension, where each seller maintains its own reference price, our policy continues to guarantee O ( 1 / T ) convergence and O ( T ) dynamic regret.",Production and Operations Management,2026-09-28,journal-article,https://doi.org/10.1177/10591478261495674,1937-5956,Production and Operations Management,OPS&TECH,Wiley-Blackwell,4,4,4,4
10.1177/10591478261495695,EXPRESS: Agile Approaches for Gaming Software Development,Joohyun Kim; Monica Johar; Vijay Mookerjee,,"Online games increasingly operate as continuously evolving live services enabled by agile and CI/CD-based development. In such environments, release timing is no longer a downstream scheduling choice but an operational control variable that interacts directly with functionality growth, error accumulation, and system complexity. This paper develops a multi-release optimal control framework that endogenizes release timing and user-facing value. Extending the functionality and error dynamics structure of Ji et al. (2005), we embed repeated release decisions directly into the development process and characterize how construction effort, debugging effort, and cadence jointly determine long-run value creation. Within this framework, we analyze two structured release regimes widely observed in practice: a time-based release policy, with fixed sprint duration, and a functionality-based release policy, with fixed feature scope. We show that incremental release value declines endogenously as integration complexity increases. Under time-based policies, the number of new features delivered per release decreases over time. Under functionality-based policies, maintaining fixed feature bundles requires progressively longer development intervals. In both regimes, effort shifts systematically from construction toward debugging as the system matures. We further introduce a hybrid release policy as a supplementary benchmark, allowing the firm to switch between time-based and functionality-based policies subject to a switching cost. This benchmark identifies conditions under which policy flexibility improves release performance while preserving the operational structure of the two release regimes. The results provide an operations-based theory of release cadence under endogenous complexity growth in software systems with repeated deployment.",Production and Operations Management,2026-09-28,journal-article,https://doi.org/10.1177/10591478261495695,1937-5956,Production and Operations Management,OPS&TECH,Wiley-Blackwell,4,4,4,4
10.1177/10591478261495686,EXPRESS: The Role of Post-Purchase Communications on Product Returns and Downstream Consequences in Online Apparel Retail,Punya Chatterjee; Susana Jaramillo; Ganga S. Urumutta Hewage; Gretchen R. Ross,,"The expansion of online apparel retail has introduced a persistent challenge: subtle mismatches between consumer expectations about a product and the reality—particularly regarding attributes like color or texture—often leading to dissatisfaction and costly returns. While prior research has primarily focused on pre-purchase solutions such as virtual try-ons or detailed product descriptions, these tactics are not always effective and are often inaccessible to small- and medium-sized apparel sellers—who comprise the vast majority of firms in the apparel sector—due to resource constraints. In this paper, we explore a low-cost alternative: strategic post-purchase messaging—seller-initiated communications designed to reassure consumers of the product’s quality, acknowledge potential concerns that the product may not be as expected, explain potential discrepancies, and offer recovery strategies and additional product-related guidance after a purchase is complete. Across three empirical studies we find that when consumers experience minor expectation-reality gaps, post-purchase messages sent at the time of delivery can reduce product return intentions and enhance positive downstream consequences, including, satisfaction, word-of-mouth, and repurchase intentions. A follow-up mixed-method survey conducted with small- and medium-sized online sellers supports the empirical findings that sending such messages is logistically and financially feasible. We identify perceived seller trustworthiness as the psychological mechanism driving this effect. Product reputation (based on consumer reviews) and post-purchase message content are explored as two theoretically derived moderators of the effect. Our findings make theoretical contributions and offer practical guidance—particularly for small- and medium-sized online apparel sellers seeking scalable, cost-friendly ways to manage product mismatches and strengthen consumer engagement in the absence of high product reputation.",Production and Operations Management,2026-09-28,journal-article,https://doi.org/10.1177/10591478261495686,1937-5956,Production and Operations Management,OPS&TECH,Wiley-Blackwell,4,4,4,4
10.1108/ijopm-12-2025-1293,Employment protection and firms' reliance on trade credit: international evidence,Jinyan Ji; Zhangfan Cao; Cherry Yi Zhang; Xiaolan Zheng,"School of Accounting, Zhejiang University of Finance and Economics , ,; University of Nottingham Ningbo China , ,","Purpose Employment protection legislation (EPL) constitutes a salient institutional source of labor adjustment rigidity, yet firms' financing responses within the supply chain remain underexplored. Drawing on financing advantage theory and operations–finance research on transaction-embedded supplier financing, this paper examines how firms' reliance on trade credit varies with major changes in EPL strictness in a large international sample. It further investigates the operational, financing, and informational mechanisms underlying this association, as well as firm- and country-level boundary conditions that moderate its strength. Design/methodology/approach Based on 315,625 firm-year observations across 29 countries during 1991–2019, this study constructs a reform-based country-year measure of major changes in EPL strictness and estimates fixed-effects panel models. The analysis further examines three mechanisms – operational rigidity, financial constraints, and information asymmetry – and investigates how firm-level characteristics and country-level institutional environments condition the association between EPL reforms and firms' reliance on trade credit. Findings The results suggest that (1) stricter EPL is associated with firms' greater reliance on trade credit; (2) this effect is intensified under greater operational rigidity, tighter financial constraints, and more severe information asymmetry; (3) at the firm level, the association is stronger for firms with weaker market power and greater growth opportunities; (4) at the country level, the association is more pronounced in countries with weaker creditor protection, higher labor unionization, lower political risk, and greater social embeddedness. Originality/value This research advances the literature on the operations–finance interface, trade credit, and employment protection by linking national labor-market regulation to firms' use of transaction-embedded supplier financing. By showing that supplier-provided trade credit becomes more salient under EPL-related labor adjustment rigidity, the study highlights an interfirm financing channel through which firms respond to labor-market institutions.",International Journal of Operations &amp; Production Management,2026-09-29,journal-article,https://doi.org/10.1108/ijopm-12-2025-1293,1758-6593,International Journal of Operations and Production Management,OPS&TECH,Emerald,4,4,4,4
10.1108/ijopm-10-2026-026,Guest editorial: Labour conditions in supply chains: a continuum from extreme exploitation to decent work,Stefan Gold; Christian F. Durach; Linda C. Hendry; Nezih Altay,"TUM Campus Straubing for Biotechnology and Sustainability, Technical University of Munich , ,; ESCP Business School , ,; Lancaster University Management School Department of Management Science, , ,; Driehaus College of Business, DePaul University , , ,",,International Journal of Operations &amp; Production Management,2026-09-30,journal-article,https://doi.org/10.1108/ijopm-10-2026-026,1758-6593,International Journal of Operations and Production Management,OPS&TECH,Emerald,4,4,4,4
10.1111/jpim.70060,Managing Innovation in the Entrepreneurial Family Galaxy: Toward a New Research Agenda,Emanuela Rondi; Alfredo De Massis; Francesco Chirico; Nadine Kammerlander; Luis R. Gomez‐Mejia,"School of Management Politecnico di Milano Milan Italy; Department of Management and Business Administration University G. d’Annunzio of Chieti‐Pescara Pescara Italy; IMD Business School Lausanne Switzerland; Lancaster University Lancaster UK; Institute for Entrepreneurs and Institute of Family Business Zhejiang University Hangzhou China; Corvinus Institute for Advanced Studies Corvinus University of Budapest Budapest Hungary; Macquarie University Innovation, Strategy and Entrepreneurship (ISE) Research Centre, Department of Management Macquarie Business School—Macquarie University Sydney Australia; Jönköping International Business School Jonkoping University, Center for Family Entrepreneurship and Ownership (CeFEO) Jönköping Sweden; Institute of Family Business and Mittelstand WHU—Otto Beisheim School of Management Vallendar Germany; Bond Business School Bond University Robina Queensland Australia; Department of Management and Entrepreneurship W. P. Carey School of Business, Arizona State University Tempe Arizona USA","ABSTRACT Academic Summary Innovation management is central to the long‐run competitiveness and renewal of entrepreneurial families, and prior research has documented how socioemotional wealth preservation, risk preferences, long‐term orientation, and idiosyncratic endowments shape their innovative behavior. We welcomed contributions that deepened our understanding of how family involvement shapes innovation inputs, processes, and outcomes; moved beyond R&D intensity and patenting; and extended the analysis to the diversity of actors, governance arrangements, and organizational forms through which entrepreneurial families innovate. The nine featured articles answer that call across multiple levels of analysis, from board and top management team composition, through succession and intra‐family relational dynamics, to firms' embeddedness in local knowledge ecosystems. These studies show that the predominant unit of analysis remains the single operating firm, systematically underestimating the transgenerational and multientity character of innovation in entrepreneurial families that today operate across a multitude of firms, family offices, foundations, holding companies, academies, and trust companies. To organize these contributions and chart the next wave of research, in this article we draw on and extend the entrepreneurial family galaxy perspective, combining its five dimensions (shape, mass, luminosity, distance from the center, and regeneration rate) with the input–process–outcome framework. Drawing on our examination, we have developed an agenda for future research on innovation in the entrepreneurial family galaxy. Managerial Summary Innovation management is decisive for the long‐run competitiveness and renewal of entrepreneurial families that own and govern their businesses. Family firms, the dominant organizational form worldwide, generate a substantial share of global GDP and employment, so how they innovate matters not only to the firms themselves but also to society at large. Existing research and practice have accumulated a rich understanding of how families' emotional attachment to the business, risk preferences, long‐term horizon, and unique resources drive or constrain innovation. Yet most current thinking still treats the family firm as an isolated entity, whereas today entrepreneurial families increasingly operate across a galaxy of organizations—operating companies, family offices, philanthropic and artistic foundations, holding companies, new ventures, and trust companies—through which innovation emerges, evolves, and accumulates over generations. This work extends current understanding across multiple levels: how boards and top management teams shape innovation intentions, how succession redesigns innovation trajectories, how families balance financial and socioemotional goals in their innovation choices, how tradition can serve as a springboard for international product innovation, how absorptive capacity turns emotional commitment into green innovation, and how local knowledge ecosystems support the transition to sustainability‐driven innovation. We introduce the entrepreneurial family galaxy as a practical lens for understanding innovation management in this ecosystem. For families and their advisors, the galaxy's five dimensions—shape, mass, luminosity, distance from the center, and regeneration rate—provide a tool for assessing and strengthening the innovation inputs, processes, and outcomes of the entire entrepreneurial ecosystem across generations.",Journal of Product Innovation Management,2026-09-27,journal-article,https://doi.org/10.1111/jpim.70060,1540-5885,Journal of Product Innovation Management,INNOV,Wiley-Blackwell,4,4,4,4
10.1111/jpim.70058,When Does Digital Capability Enable Innovation Capability for Competitive Performance in an Emerging Economy? An Examination of Two Institutional Forces,Ruby P. Lee; Xinlin Tang; Haisu Zhang,"Rockwood School of Marketing Herbert Wertheim College of Business Tallahassee Florida USA; Department of Business Analytics, Information Systems and Supply Chain Herbert Wertheim College of Business Tallahassee Florida USA; Martin Tuchman School of Management New Jersey Institute of Technology Newark New Jersey USA","ABSTRACT Academic Summary Despite growing interest in digital transformation in emerging economies, the relationships among digital capability, product innovation capability (product IC), process innovation capability (process IC), and firm performance remain insufficiently understood, especially under varying institutional conditions. The authors draw on the IT‐enabled organizational capabilities perspective, grounded in the lens of dynamic capabilities, to first develop a chain model, showing how digital capability enables product IC and process IC, two higher‐level organizational capabilities for a firm's competitive performance. The authors then integrate institutional theory to examine the roles that dysfunctional competition and government support, two institutional forces prominent in emerging economies, play in the chain model. Based on data from 241 firms in China, the findings reveal that digital capability enables product IC and process IC for stronger competitive performance. However, this chain effect is contingent on institutional context: dysfunctional competition and government support showcase distinct moderating effects on different links in the chain model. The authors discuss the results and their implications for theory and practice toward the end. Managerial Summary Firms should view digital transformation as more than a technology investment. Managers need to develop digital capability that can support innovation capability. However, the benefits of establishing and leveraging both digital and innovation capabilities are not universal. Two institutional forces, that is, dysfunctional competition and government support, common in emerging economies affect how digital capability translates into innovation capability and performance. Their effects differ across product and process innovation capabilities, suggesting that managers should consider the broader institutional context when building and leveraging different types of organizational capabilities.",Journal of Product Innovation Management,2026-09-27,journal-article,https://doi.org/10.1111/jpim.70058,1540-5885,Journal of Product Innovation Management,INNOV,Wiley-Blackwell,4,4,4,4
10.1111/isj.70066,Resilience Practices Under Platformed Displacement: A Phenomenology of Refugee Digital Entrepreneurs,Deniz Tunçalp; Uğur Yetkin,Department of Management Engineering Istanbul Technical University Istanbul Turkey; Department of Management Kadir Has University Istanbul Turkey,"ABSTRACT Digital technologies are often depicted as equalizers, yet high‐skilled refugees encounter platform‐mediated constraints that shape their entrepreneurial pursuits across borders. Through Interpretative Phenomenological Analysis of eight Syrian digital entrepreneurs in Istanbul, we examine how founders experience constraints in payments, identity verification, and platform access controls. Drawing on a practice‐based perspective, we conceptualize resilience as situated agency enacted through creative reconfiguration of sociotechnical arrangements. Our analysis describes three core resilience practices: platformed improvisation, institutional workarounds, and transformative identity work. Through these practices, founders recombine digital services, navigate opaque compliance regimes, and sustain professional continuity. We interpret these experiential patterns alongside platform governance documents and NGO/policy reports to contextualize how founders encountered, made sense of, and responded to eligibility checks, account restrictions, and compliance routines. This study offers an experience‐first account of platformed displacement, tracing how agency and meaning‐making are enacted under platform‐mediated constraints and contributing to research on refugee entrepreneurship, digital infrastructure, and resilience as practice.",Information Systems Journal,2026-09-28,journal-article,https://doi.org/10.1111/isj.70066,1365-2575,Information Systems Journal,INFO MAN,Wiley-Blackwell,4,4,3.0,4
10.1177/09500170261471054,"Book Review: Knut Laaser and Jan Ch. Karlsson,
                    <i>The Politics of Working Life and Meaningful Waged Work</i>
                    LaaserKnutKarlssonJan ChThe Politics of Working Life and Meaningful Waged WorkCambridge University Press: London and Cambridge, 2025, £29.99 pbk, (ISBN: 978 1 009 096355), 300pp.",Stephen Ackroyd,"Lancaster University Management School, UK",,"Work, Employment and Society",2026-09-28,journal-article,https://doi.org/10.1177/09500170261471054,1469-8722,"Work, Employment and Society",HRM&EMP,SAGE,4,4,4,4
10.1177/09500170261468238,Life’s dignity within and beyond the workplace: Results from a national sample of US workers,Matthew A. Andersson; Laura Upenieks; Steven Hitlin,"Department of Sociology, Baylor University, Waco, USA; Department of Sociology and Criminology, The University of Iowa, USA","While social relationships are essential to dignity, empirical research has yet to explore how the core qualities of these relations associate with a dignified life. Given widespread alienation among contemporary workers, we suspect that a life’s dignity may derive equally, if not more, from relations beyond the workplace. Drawing on 2021 Gallup survey data from the United States ( N = 551), this study captures an increased range of processes spanning work and non-work relations (respect, recognition, authenticity, closeness and/or support). Findings show that work and non-work relations are both strongly linked to perceptions of living a dignified life, though recognition and authenticity are somewhat harder to come by than respect, closeness or emotional support. Non-work relations matter significantly more for dignity in women’s lives, while work relations matter more for men’s dignity. However, a lack of differences by college degree status underscores how agency and boundary work are vital to constructing a life’s dignity.","Work, Employment and Society",2026-09-28,journal-article,https://doi.org/10.1177/09500170261468238,1469-8722,"Work, Employment and Society",HRM&EMP,SAGE,4,4,4,4
10.1177/09500170261471066,"Precarious platform work, Precarious platform workers? A multi-level approach towards the economic situation of platform workers in Germany",Sabrina Glanz; Fabian Beckmann; Fabian Hoose; Serkan Topal,"Ruhr-Universität Bochum, Germany; University of Duisburg-Essen, Germany","Low pay is considered a key feature of precariousness in platform work. However, previous research has rarely contextualised platform work earnings in workers’ overall economic situation. As most platform workers generate their main income from other employment and workers’ household contexts vary, analysing platform work earnings in isolation draws only half the picture. Based on a quantitative survey among platform workers (n=430) in Germany and distinguishing between different types of platform work, the interplay between platform work earnings, income from other employment and the household income and the effect of socio-demographic variables is analysed. The findings reveal that low earnings in platform work are widespread but usually compensated by other income sources. Still, 12% of platform workers experience multi-level economic precariousness. While academics realise high earnings in platform work, low-skilled workers and migrants are at higher risk of cumulative economic precariousness, indicating a reproduction of inequalities.","Work, Employment and Society",2026-09-28,journal-article,https://doi.org/10.1177/09500170261471066,1469-8722,"Work, Employment and Society",HRM&EMP,SAGE,4,4,4,4
10.1177/09500170261476006,"Establishing digital presence: How occupational status, job insecurity and job dissatisfaction shape digital availability, visibility and faking behaviours among home-based workers",Anja-Kristin Abendroth; Yvonne Lott; Sandra Dummert,"Bielefeld University, Germany; Hans Boeckler Foundation, Düsseldorf, Germany; Institute for Employment Research, IAB, Nuremberg, Germany","This study examines digital presence behaviour among home-based workers encompassing three facets: digital availability, digital visibility of work achievements and digital faking of omnipresence. Digital availability is conceptualised as a reactive response to exaggerated ideal worker norm expectations in the digital workspace. In contrast, digital visibility and faking are understood as proactive impression-management behaviours aimed at maintaining or improving the image of an ideal worker while working from home. Seemingly unrelated regression analyses based on a representative sample of home-based workers in Germany show a relatively high prevalence of digital availability and visibility behaviour. Moreover, high-status employees were more likely to be digitally available, job insecurity increased engagement in all three facets, while job dissatisfaction encouraged digital faking and discouraged digital visibility behaviours. We conclude that digital presence behaviour reflects an exaggeration of the ideal worker norm and unequal job situations among home-based workers.","Work, Employment and Society",2026-09-28,journal-article,https://doi.org/10.1177/09500170261476006,1469-8722,"Work, Employment and Society",HRM&EMP,SAGE,4,4,4,4
10.1111/irel.70047,Artificial Intelligence‐Related Digital Skills and Employment Outcomes for Underrepresented Women,Nick Drydakis,"School of Economics, Finance and Law, Centre for Inclusive Societies and Economies, Faculty of Business and Law Anglia Ruskin University Cambridge UK; Pembroke College University of Cambridge Cambridge UK; Open University Milton Keynes UK; Luxembourg Institute of Socio‐Economic Research Belval Esch‐sur‐Alzette Luxembourg","ABSTRACT This study examines whether signaling AI‐related digital skills improves employment outcomes for women from underrepresented groups defined by race, age, sexual orientation and autism‐spectrum disclosure in England. The findings indicate that underrepresented women receive fewer interview invitations and are invited to lower‐paid vacancies relative to majority‐group women. Signaling AI‐related digital skills improves interview invitations for underrepresented women in the pooled analysis, although their disadvantage is not removed. The observed uplift is consistent with AI Capital and productivity‐signaling frameworks, yet such credentials remain insufficient to eliminate disadvantage. AI training should therefore be complemented by stronger equality enforcement.",Industrial Relations: A Journal of Economy and Society,2026-09-29,journal-article,https://doi.org/10.1111/irel.70047,1468-232X,Industrial Relations,HRM&EMP,Wiley-Blackwell,4,4,4,4
10.1111/bjir.70080,From Assemblies to Institutions and Back Again? Cycles of Democracy and Representation in the Spanish Labour Movement,Martí López‐Andreu,Newcastle University Business School Newcastle upon Tyne UK,"ABSTRACT Despite growing interest in union renewal, worker voice and new forms of labour organisation, industrial relations scholarship has paid limited attention to assemblies as an organisational form in their own right. This article argues that assemblies constitute a historically recurring democratic repertoire through which workers negotiate the relationship between participation and representation, rather than a residual or transitional stage in the development of trade unionism. Drawing on a historiographical analysis of the Spanish labour movement from the early 20th century to the present, the article examines the changing role of asamblearismo (assembly‐based decision‐making) across successive political and institutional contexts. The analysis traces the evolution of assemblies from the anarcho‐syndicalist tradition of the Confederación Nacional del Trabajo (CNT), through their reconfiguration within clandestine workers' commissions under Francoism and their displacement following the institutionalisation of trade unionism after democratisation. It then examines their persistence within radical unions and social movements and their renewed prominence in labour struggles among precarious workers, where assemblies coexist with selective engagement with trade unions and formal institutions in hybrid forms of representation. The article makes three contributions to industrial relations scholarship. First, it conceptualises assemblies as workers’ organisational repertoire whose historical evolution has remained largely absent from debates on union democracy, worker representation and labour revitalisation. Second, it demonstrates that the relationship between assemblies and institutional representation is cyclical rather than linear, with participatory practices repeatedly re‐emerging when institutional arrangements struggle to accommodate new worker subjectivities and forms of employment. Third, it shows how historiographical analysis can enrich industrial relations theory by revealing the historical continuity of organisational forms frequently presented as contemporary innovations. The Spanish case, therefore, offers broader insights into the democratic foundations of worker representation under conditions of institutional change and labour market fragmentation.",British Journal of Industrial Relations,2026-09-28,journal-article,https://doi.org/10.1111/bjir.70080,1467-8543,British Journal of Industrial Relations,HRM&EMP,Wiley-Blackwell,4,4,4,4
10.1111/joms.70167,Between Play and Reason: Integrating Sensible Foolishness Into Strategy‐Making Workshops,Rebecca Lu; Gary T. Burke; Omid Omidvar; David J. Carrington,Loughborough University; University of Bristol; Warwick Business School; Aston Business School,"Abstract Sensible foolishness through play can offer a valuable escape from prevailing dogmas and rational models of intelligence, affording actors freedom to explore, imagine, and create without constraint. Yet the value of sensible foolishness, and the vital interplay between play and reason, remains underexplored in strategy scholarship. Drawing on a qualitative experimental study of three SMEs, we examine how high‐stakes strategic challenges can be addressed through sensible foolishness. Our analysis shows how the interplay between play and reason gains generative momentum during strategy‐making workshops, as actors co‐create playful atmospheres and shift into more expressive, embodied ways of being. We identify three transitional modes – deliberate , dialectical , and dwelling – through which actors integrate play and reason and co‐produce moments of strategic insight and value. We develop a process theory of integrating sensible foolishness into strategy‐making, showing how attuned facilitation and atmospheric shifts enable its enactment as a collective, affectively sustained mode of strategizing. This extends debates in strategy and serious play scholarship by advancing a practice‐based view of sensible foolishness as a complementary instrument of collective strategic intelligence.",Journal of Management Studies,2026-09-28,journal-article,https://doi.org/10.1111/joms.70167,1467-6486,Journal of Management Studies,ETHICS-CSR-MAN,Wiley-Blackwell,4,4,4,4
10.1111/1467-8551.70110,‘If I Don't Get That Belonging Among Us It All Falls Down’: How Middle Managers Experience Belonging Through Self and Others,Laura J. Reeves; Clare Rigg,The University of Suffolk Waterfront Building 19 Neptune Quay Ipswich IP4 1QJ UK; Lancaster University Management School Bailrigg Lancaster LA1 4YX UK,"Abstract Belonging at work is a fundamental yet complex experience, associated with acceptance, inclusion and recognition, and underpinned by relational dynamics in organizations. Despite increasing interest, little is known about how belonging is experienced by middle managers, a group positioned between hierarchical levels and responsible for others. Drawing on 22 semi‐structured interviews and two focus groups, this paper explores this issue. The findings show that managerial belonging is structured through two interrelated orientations: self‐focused and other‐orientated. Self‐focused belonging reflects managers’ experience through organizational alignment, role legitimacy and interpersonal relationships. Other‐orientated belonging captures how managers’ own sense of belonging is shaped through their perceptions of whether those they manage belong. Rather than operating separately, these orientations are mutually constitutive, producing a recursive dynamic in which managers evaluate their own belonging through the perceived belonging of their teams. This extends the notion of double‐relationality by showing how managers’ intermediary positioning can have recursive consequences for their own belonging. The paper contributes empirically by foregrounding middle managers as a distinct group within belonging research and conceptually by showing how managerial belonging can be recursively evaluated through managers’ perceptions of the belonging of those for whom they hold responsibility.",British Journal of Management,2026-09-28,journal-article,https://doi.org/10.1111/1467-8551.70110,1467-8551,British Journal of Management,ETHICS-CSR-MAN,Wiley-Blackwell,4,4,4,4
10.1111/1467-8551.70108,The Effect of Lead Directors on Corporate Social Responsibility,Carol Alexander; Douglas J. Cumming; David Javakhadze; Tijana Rajkovic,"University of Sussex Business School Sussex House, Falmer Brighton BN1 9RH UK; School of Business Stevens Institute of Technology 525 River Street Hoboken NJ 07,030 USA; College of Business Florida Atlantic University Kaye Hall 141A, 777 Glades Road Boca Raton FL 33431 USA; Lucas College and Graduate School of Business San Jose State University One Washington Square BT851 San Jose CA 95192 USA","Abstract Drawing on insights from the compromise board leadership structure theory, which posits that the presence of a lead independent director on corporate boards enables management to maintain unity of command through consolidated leadership and autonomy while also ensuring effective oversight, we theorize that this balance creates an equilibrium in which the firm is more likely to achieve stronger corporate social responsibility (CSR) performance. We further propose that improved financial flexibility serves as the economic mechanism through which the main effect operates. We also posit that these collaborative efforts are expected to contribute to superior long‐term firm performance. Additionally, we argue that women in the influential role of lead independent director bring distinctive qualities to the board that further enhance firm outcomes in this context. Our findings, robust to potential endogeneity concerns, are consistent with these propositions, underscoring the significant impact of board structure and female leadership in a key position on advancing CSR performance and firm profitability.",British Journal of Management,2026-09-28,journal-article,https://doi.org/10.1111/1467-8551.70108,1467-8551,British Journal of Management,ETHICS-CSR-MAN,Wiley-Blackwell,4,4,4,4
10.1111/1467-8551.70109,"Interdisciplinary Theorizing I Tell You Folks, It's Harder Than It Looks",Matthew A. Cronin,George Mason University Mail Stop 5F5 Fairfax VA 22030 USA,"Abstract Calls for interdisciplinary scholarship are ubiquitous, but what that means and why/how it is done are more often assumed than explained. Clarifying what it takes to theorize across disciplines, why it is important and how to set the conditions for success is the point of this essay. Authors, reviewers and readers should know what interdisciplinary theorizing is, and why/how to establish its value.",British Journal of Management,2026-09-28,journal-article,https://doi.org/10.1111/1467-8551.70109,1467-8551,British Journal of Management,ETHICS-CSR-MAN,Wiley-Blackwell,4,4,4,4
10.1002/sej.70048,Startup multihoming in enterprise software ecosystems: The role of skill breadth and organizational learning,Vijayaraghavan Venkataraman; Marco Ceccagnoli; Chris Forman,"Indian Institute of Management Bangalore Bengaluru Karnataka India; Scheller College of Business Georgia Institute of Technology Atlanta Georgia USA; Charles H. Dyson School of Applied Economics and Management, Cornell SC Johnson College of Business Cornell University Ithaca New York USA","Abstract Research Summary We investigate startup decisions to multihome to another platform. We develop a theory that shows startup engagement with the initial platform leads first to exploratory learning and later a shift toward exploitation, leading to an inverted U‐shape relationship between duration of platform partnership and the likelihood of multihoming. This tradeoff is shaped by the breadth of the startup's skill base. Startups with a broader set of skills initially face slower learning, but over time skill breadth provides greater adaptability that better positions them for multihoming. We test our theory using a novel dataset on SAP partners' multihoming decisions, examining the implications of Oracle acquisitions that increased the expected benefits of multihoming. Our empirical findings are consistent with our hypotheses. Managerial Summary The growth phase forms an important part of any startup's evolution, particularly when engaging with digital platform ecosystems, where expansion often depends on the ability to multihome. Startups' accumulated experience with a platform shapes how they respond when opportunities to expand to another platform arise. Startups with moderate levels of prior platform experience are most likely to expand, while longer relationships can create dependencies that reduce flexibility. Importantly, the breadth of a startup's skill base changes this trajectory. Startups with diverse skills are better able to avoid lock‐in and remain flexible, even after long partnerships. Evidence from the enterprise software ecosystem shows managers should see platform partnerships as both opportunity and risk, investing in broad skill sets to balance deep collaboration with the ability to grow across platforms.",Strategic Entrepreneurship Journal,2026-09-28,journal-article,https://doi.org/10.1002/sej.70048,1932-443X,Strategic Entrepreneurship Journal,ENT-SBM,Wiley-Blackwell,4,4,4,4
10.1080/01621459.2026.2735068,ARMA-Design: Optimal Treatment Allocation Strategies for A/B Testing in Partially Observable Experiments,Ke Sun; Linglong Kong; Hongtu Zhu; Chengchun Shi,"Department of Mathematical and Statistical Sciences, University of Alberta; Department of Biostatistics, University of North Carolina at Chapel Hill; Department of Statistics, London School of Economics and Political Science",,Journal of the American Statistical Association,2026-09-28,journal-article,https://doi.org/10.1080/01621459.2026.2735068,1537-274X,Journal of the American Statistical Association,ECON,Taylor & Francis,4,4,4,4
10.1080/01621459.2026.2735067,A general randomized test for Alpha,Daniele Massacci; Lucio Sarno; Lorenzo Trapani; Pierluigi Vallarino,"King’s Business School, King’s College London; Cambridge Judge Business School and Girton College, University of Cambridge; Centre for Economic Policy Research (CEPR); Universita’ di Pavia; University of Leicester; Institute of Finance, Universita’ della Svizzera Italiana (USI Lugano)",,Journal of the American Statistical Association,2026-09-28,journal-article,https://doi.org/10.1080/01621459.2026.2735067,1537-274X,Journal of the American Statistical Association,ECON,Taylor & Francis,4,4,4,4
10.1080/01621459.2026.2735971,Structure-Adaptive E-Value Filter for Detecting Regional Signals in Brain Imaging,Jingcheng He; Hangjin Jiang; Wenguang Sun; for the Alzheimer’s Disease Neuroimaging Initiative,"Center for Data Science, Zhejiang University; School of Mathematical Sciences, Zhejiang University",,Journal of the American Statistical Association,2026-09-28,journal-article,https://doi.org/10.1080/01621459.2026.2735971,1537-274X,Journal of the American Statistical Association,ECON,Taylor & Francis,4,4,4,4
10.1080/01621459.2026.2737403,High-dimensional Clustering and Signal Recovery under Block Signals,Wu Su; Yumou Qiu,"Center for Big Data Research, Peking University; School of Mathematical Sciences, Peking University",,Journal of the American Statistical Association,2026-09-28,journal-article,https://doi.org/10.1080/01621459.2026.2737403,1537-274X,Journal of the American Statistical Association,ECON,Taylor & Francis,4,4,4,4
10.1080/01621459.2026.2739444,Physics-guided Statistical Data Fusion for Reconstructing 3D Current Fields of Oceanic Eddies,Wu Su; He Li; Zhao Jing; Yumou Qiu; Song Xi Chen,"Center for Data Science, Peking University; School of Mathematical Sciences, Peking University; Key Laboratory of Physical Oceanography, Ocean University of China; Department of Statistics and Data Science, Tsinghua University",,Journal of the American Statistical Association,2026-09-28,journal-article,https://doi.org/10.1080/01621459.2026.2739444,1537-274X,Journal of the American Statistical Association,ECON,Taylor & Francis,4,4,4,4
10.1080/01621459.2026.2739658,Deep Transformation Model,Tong Wang; Shunqin Zhang; Sanguo Zhang; Jian Huang; Shuangge Ma,"School of Statistics and Data Science, Southeast University; School of Mathematical Sciences, University of Chinese Academy of Sciences; Departments of Data Science and AI, and Applied Mathematics, The Hong Kong Polytechnic University; Department of Biostatistics, Yale School of Public Health",,Journal of the American Statistical Association,2026-09-28,journal-article,https://doi.org/10.1080/01621459.2026.2739658,1537-274X,Journal of the American Statistical Association,ECON,Taylor & Francis,4,4,4,4
10.1080/01621459.2026.2740825,Tensor Completion using Subspace Information,Jingyang Li; Michael K. Ng,"Department of Statistics and Data Science, Fudan University; Department of Mathematics, Hong Kong Baptist University",,Journal of the American Statistical Association,2026-09-28,journal-article,https://doi.org/10.1080/01621459.2026.2740825,1537-274X,Journal of the American Statistical Association,ECON,Taylor & Francis,4,4,4,4
10.1016/j.jeconom.2026.106344,Treatment evaluation at the intensive and extensive margins,Phillip Heiler; Asbjørn Kaufmann; Bezirgen Veliyev,,,Journal of Econometrics,2026-11-01,journal-article,https://doi.org/10.1016/j.jeconom.2026.106344,1872-6895,Journal of Econometrics,ECON,Elsevier,4,4,4,4
10.1257/app.18.4.i,Front Matter,,,,American Economic Journal: Applied Economics,2026-10-01,journal-article,https://doi.org/10.1257/app.18.4.i,1945-7790,American Economic Journal: Applied Economics,ECON,American Economic Association,4,4,3.0,4
10.1257/app.20210064,The Long-Term Effects of Cash Assistance,David J. Price; Jae Song,University of Toronto (email: ); Social Security Administration (email: ),"We investigate the long-term effects of cash assistance on beneficiaries and their children among participants in the Seattle-Denver Income Maintenance Experiment. Treated families in this randomized experiment received thousands of dollars in extra government benefits for three or five years in the 1970s. We match experimental records to Social Security Administration data using a novel algorithm, finding that treatment decreased adults' postexperimental annual earnings by $1,800 and increased their disability benefit applications. Effects were strongest around retirement age; evidence suggests possible occupational mechanisms. In contrast, children experienced no significant effects on earnings or interaction with the disability system. (JEL G51, H55, H75, I32, I38, J12, J14)",American Economic Journal: Applied Economics,2026-10-01,journal-article,https://doi.org/10.1257/app.20210064,1945-7790,American Economic Journal: Applied Economics,ECON,American Economic Association,4,4,3.0,4
10.1257/app.20210798,Who Gets a Family? The Consequences of Family and Congregate Care Allocation for Child Outcomes,Cameron Taylor,PhD student at Stanford Graduate School of Business (email: ),"Hundreds of thousands of children grow up in the US foster care system every year and are at high risk of experiencing negative outcomes such as incarceration and homelessness. This paper documents how the placement of foster children into families rather than congregate care improves their outcomes, using the exits of other children from families as an instrument for their placement setting. Policies that change which children are matched to families can achieve a large percentage of the gains from policies that add families to the foster care system due to heterogeneity in treatment effects. (JEL J12, J13, J18, K42)",American Economic Journal: Applied Economics,2026-10-01,journal-article,https://doi.org/10.1257/app.20210798,1945-7790,American Economic Journal: Applied Economics,ECON,American Economic Association,4,4,3.0,4
10.1257/app.20220595,Who Profits from Amateurism? Rent Sharing in Modern College Sports,Craig Garthwaite; Nicole Holz; Jordan Keener; Matthew Notowidigdo,"Northwestern University and NBER (email: ); Walmart (email: ); University of Michigan (email: ); University of Chicago, Booth School of Business and NBER (email: )","Intercollegiate amateur athletics in the United States have historically prevented student-athletes from receiving market wages, creating substantial economic rents that are primarily generated by men's football and basketball programs. Using financial data from college athletic departments, we estimate rent-sharing elasticities to measure how rents flow to women's sports and other men's sports and lead to increased spending on athletic facilities and coaches' salaries. Using player-level data, we find that the rent-sharing transfers spending away from students who are more likely to be Black and come from poor neighborhoods toward students more likely to be White and come from higher-income neighborhoods. (JEL I23, J15, J16, J31, L83, Z21, Z22)",American Economic Journal: Applied Economics,2026-10-01,journal-article,https://doi.org/10.1257/app.20220595,1945-7790,American Economic Journal: Applied Economics,ECON,American Economic Association,4,4,3.0,4
10.1257/app.20230121,Early Grade Retention Harms Adult Earnings,Jiee Zhong,Miami University (email: ),"This paper provides new causal evidence on the effects of grade retention on educational attainment, behavioral outcomes, and labor market performance by analyzing Texas's reading test–based retention policy. Using a fuzzy regression discontinuity design, I find that third-grade retention significantly reduces annual earnings at age 26 by $3,477 (19 percent). While temporarily improving test scores, retention increases absenteeism, violent behavior, and juvenile crime, and reduces the likelihood of high school graduation. Moreover, retained students exhibit higher community college enrollment but lower public university attendance, though neither estimate is statistically significant. (JEL D91, H75, I21, I26, I28, J31)",American Economic Journal: Applied Economics,2026-10-01,journal-article,https://doi.org/10.1257/app.20230121,1945-7790,American Economic Journal: Applied Economics,ECON,American Economic Association,4,4,3.0,4
10.1257/app.20240232,Detection of Collusive Networks in Multistage Auctions,Bruno Baránek; Leon Musolff; Vítězslav Titl,"Government Analytical Unit, Office of the Government of the Czech Republic (email: ); University of Pennsylvania and NBER (email: ); School of Economics, Utrecht University, Department of Economics and Empirical Legal Studies, Faculty of Law, Charles University, and CESifo (email: )","We develop a method for detecting cartels in multistage auctions. Our approach allows firms to act collusively against cartel members yet competitively otherwise. In these auctions, bidders submit initial bids and can later revise them downward. As initial bids are shaded, close initial bids indicate similar costs and thus create strong incentives to undercut rivals. We classify firm pairs as collusive if they ignore this incentive by failing to update bids against each other, relative to other pairs with similarly close initial bids. Our algorithm predicts Ukraine's Antimonopoly Committee sanctions: Classified pairs are nine times more likely to be sanctioned. (JEL D22, D44, H57, K21, L12, P31, P35)",American Economic Journal: Applied Economics,2026-10-01,journal-article,https://doi.org/10.1257/app.20240232,1945-7790,American Economic Journal: Applied Economics,ECON,American Economic Association,4,4,3.0,4
10.1257/app.20240364,From Access to Achievement: The Primary School-Age Impacts of an At-Scale Preschool Construction Program in Highly Deprived Communities,Marina Bassi; Bruno Besbas; Lelys Dinarte-Diaz; Saravana Ravindran; Ana Reynoso,"The World Bank (email: ); (email: ); Development Research Group, The World Bank (email: ); Lee Kuan Yew School of Public Policy, National University of Singapore (email: ); University of Michigan (email: )","We evaluate a large-scale public preschool construction program in deprived rural communities in Mozambique using a randomized controlled trial. The program increased preschool enrollment from 2 to 75 percent, improved primary school enrollment and progression, and led treated children to score higher in cognitive and social-emotional skills tests. Impacts were strongest among children of illiterate parents, in less poor households, and living near preschools. We provide evidence that preschool construction mediates later educational success at primary school age. We also detect increased parental investment in children and higher preschool enrollment for younger siblings. Finally, we estimate the program was implemented cost-effectively. (JEL I21, I26, I32, J13, O15, O18)",American Economic Journal: Applied Economics,2026-10-01,journal-article,https://doi.org/10.1257/app.20240364,1945-7790,American Economic Journal: Applied Economics,ECON,American Economic Association,4,4,3.0,4
10.1257/app.20240370,All Roads Lead to Rome: Global Air Connectivity and Bilateral Trade,Zheng Wang; Feicheng Wang; Zhuo Zhou,"Guangzhou College of Commerce and University of Dundee (email: ); University of Groningen, IZA@LISER, and GLO (email: ); Shanghai Academy of Social Sciences (email: )","Using itinerary-level global air traffic data, this paper proposes a novel instrumental variable to estimate the effect of in-person interactions on bilateral trade. By exploiting exogenous variations in air connectivity that are driven by third-country connecting capacities, we show that increased air connections boost trade, especially for complex industries and new products. Online interactions appear to be a limited substitute for in-person contact. These findings confirm the role of in-person communications in reducing information-sharing barriers. Our estimation approach also provides a useful tool for evaluating the social and economic impacts of a complex transport network. (JEL D83, F14, L93, R41)",American Economic Journal: Applied Economics,2026-10-01,journal-article,https://doi.org/10.1257/app.20240370,1945-7790,American Economic Journal: Applied Economics,ECON,American Economic Association,4,4,3.0,4
10.1257/app.20240477,"Money, Time, and Grant Design",Kyle Myers; Wei Yang Tham,Harvard Business School and NBER (email: ); University of Toronto (email: ),"We conduct survey experiments to test how the design of scientific grants—the money and time awarded—can be used to manage researchers. On average, researchers are relatively unwilling to trade off money for time when choosing among grants. However, there is significant heterogeneity in researchers' preferences. Conditional on receiving a grant, different designs cause only minor changes in researchers' plans for how they would use the funding. Marginal changes in grant design are more relevant for selection effects (funders' ability to attract certain researchers) than treatment effects (funders' ability to change researchers' strategies). (JEL C83, I23, O31)",American Economic Journal: Applied Economics,2026-10-01,journal-article,https://doi.org/10.1257/app.20240477,1945-7790,American Economic Journal: Applied Economics,ECON,American Economic Association,4,4,3.0,4
10.1257/app.20240564,Designing Incentives for Impatient People: An RCT Promoting Exercise to Manage Diabetes,Shilpa Aggarwal; Rebecca Dizon-Ross; Ariel Zucker,"Indian School of Business (email: ); Booth School of Business, University of Chicago (email: ); University of California, Santa Cruz (email: )","Many people are impatient. We introduce domain-specific discounting to a contracting model and test a strategy for improving incentives when people are impatient over effort: implement time-bundled contracts that make the payment for future effort increase in current effort. Using a randomized evaluation of an exercise incentive program among diabetics in India, we find that time-bundled contracts generate equivalent effort to time-separable contracts at 15 percent lower cost. Moreover, they perform 30 percent better among individuals with above-median effort impatience. Pooled across contracts, incentives increase steps by 20 percent and improve blood sugar relative to a control group. (JEL D86, D91, I12, I18, O12)",American Economic Journal: Applied Economics,2026-10-01,journal-article,https://doi.org/10.1257/app.20240564,1945-7790,American Economic Journal: Applied Economics,ECON,American Economic Association,4,4,3.0,4
10.1257/app.20240586,Do Workfare Programs Live Up to Their Promises? Experimental Evidence from Côte d'Ivoire,Marianne Bertrand; Bruno Crépon; Alicia Marguerie; Patrick Premand,"Booth School of Business, University of Chicago (); CREST-ENSAE (); World Bank ()","We study contemporaneous and post-program impacts of a public works program which provides urban youth seven months of employment at the formal minimum wage with complementary training in entrepreneurship or job search. During the program, the employment rate only increases slightly, but we find a shift toward wage jobs, higher earnings and savings, as well as positive changes in work habits, behaviors, and well-being. After the program, we find no lasting impact on employment or behaviors, with only limited gains in earnings stemming from independent activities. Using machine learning to analyze heterogeneity, we show that alternative targeting approaches can substantially improve welfare. (JEL C45, G51, H53, I38, J13, J64, O15)",American Economic Journal: Applied Economics,2026-10-01,journal-article,https://doi.org/10.1257/app.20240586,1945-7790,American Economic Journal: Applied Economics,ECON,American Economic Association,4,4,3.0,4
10.1257/app.20240746,"Globalization, Capital Taxation, and Development: Evidence from a Macrohistorical Database",Pierre Bachas; Matthew Fisher-Post; Anders Jensen; Gabriel Zucman,"World Bank Research (email: ); Paris School of Economics (email: ); Harvard Kennedy School and NBER (email: ); Paris School of Economics, UC Berkeley, and NBER (email: )","This paper builds and analyzes a new global macrohistorical database of effective tax rates on capital and labor in 154 countries. We establish a new stylized fact: While effective capital tax rates fell in developed countries between 1965 and 2018, they rose in developing countries after 1990. Multiple country-, sector-, and firm-level research designs suggest that trade openness contributed to this rise by increasing the share of output produced in corporations and larger firms, where effective capital taxation is higher. In contrast to a common view, globalization appears in many countries to have supported governments' ability to tax capital. (JEL F41, F62, H24, H25, O19, O23)",American Economic Journal: Applied Economics,2026-10-01,journal-article,https://doi.org/10.1257/app.20240746,1945-7790,American Economic Journal: Applied Economics,ECON,American Economic Association,4,4,3.0,4
10.1257/app.20240759,Disastrous Displacement: The Long-Run Impacts of Landslides,Travis Baseler; Jakob Hennig,University of Rochester (email: ); Deraja (email: ),"Natural disasters displace millions of people a year, but their economic impacts are difficult to study when the affected population becomes dispersed. This paper estimates the long-run impacts of six landslides in Uganda on nearly the full affected population. The analysis exploits the sharp boundaries between households residing along a landslide path and those on the same slopes but outside the path. Years after the landslides, affected households earn 50 percent less income and are 18 percentage points less likely to report being satisfied with their lives. Further analysis points to social capital as a determinant of successful post-disaster recovery. (JEL H84, J11, O12, O13, Q54, R23, Z13)",American Economic Journal: Applied Economics,2026-10-01,journal-article,https://doi.org/10.1257/app.20240759,1945-7790,American Economic Journal: Applied Economics,ECON,American Economic Association,4,4,3.0,4
10.1257/app.20240804,Innovation through Inventor Mobility: Evidence from Noncompete Agreements,Kate Reinmuth; Emma Rockall,Stanford University and Stanford Law School (email: ); Stanford University (email: ),"Proponents of labor mobility restrictions argue that innovation incentives more than offset harm to workers. Yet the causal effect of such policies on innovation is an open empirical question. Leveraging plausibly exogenous state-level changes in the enforceability of noncompete agreements (NCAs), we find a significant negative effect on innovation. This effect is even larger for the most novel and innovative patents and firms. Further analysis shows these negative effects on innovation cannot be explained by entry alone and instead likely result from reduced knowledge flows. Our findings suggest that labor mobility plays a crucial role in spreading knowledge across firms. (JEL E24, J08, J21, K31, O31, O33)",American Economic Journal: Applied Economics,2026-10-01,journal-article,https://doi.org/10.1257/app.20240804,1945-7790,American Economic Journal: Applied Economics,ECON,American Economic Association,4,4,3.0,4
10.1257/app.20250329,University as a Melting Pot: Long-Term Effects of Internationalization,Stanislav Avdeev,University of Amsterdam (email: ),"This paper provides the first evidence on the impact of exposure to international students on the long-term outcomes of native students. I combine unique survey and administrative data from the Netherlands covering one million students across three decades and employ an across-cohort design. I find that exposure to international students leads natives to (i) form social ties with nonnatives, (ii) hold more positive attitudes towards migration and learning about other cultures, and (iii) seek opportunities abroad. Notably, I find precisely estimated zero effects on employment, income, entrepreneurship, and the share of international coworkers up to 25 years after university entry. (JEL F22, I23, I26, J15, Z13)",American Economic Journal: Applied Economics,2026-10-01,journal-article,https://doi.org/10.1257/app.20250329,1945-7790,American Economic Journal: Applied Economics,ECON,American Economic Association,4,4,3.0,4
10.1257/app.20250414,Deadwood Labor? The Effects of Eliminating Employment Protection for Older Workers,Emmanuel Saez; Benjamin Schoefer; David Seim,"University of California, Berkeley (email: ); Stockholm University (email: )","We analyze mandatory retirement in Sweden, which eliminates employment protection at age 67. Employment falls by about 10 percent and total average earnings by about 20 percent immediately at age 67. Eight percent of jobs separate immediately due to loss of protection, with effects stemming from jobs with stronger initial employment protection (long tenure, firms subject to “last in, first out” rules), and those in the public sector. We examine the effects on continuing jobs. While wages appear rigid, we uncover novel, sizable intensive-margin hours reductions, resulting in an 8 percent drop in earnings conditional on staying on the job. (JEL J14, J22, J26, J31, J63, K31)",American Economic Journal: Applied Economics,2026-10-01,journal-article,https://doi.org/10.1257/app.20250414,1945-7790,American Economic Journal: Applied Economics,ECON,American Economic Association,4,4,3.0,4
10.1017/s0007680526102013,Arthur H. Cole: Rethinking Entrepreneurship in Society,Christina Lubinski,Copenhagen Business School,"Abstract This article offers a biographical reappraisal of Arthur H. Cole (1889–1974) as a field creator and architect of business history’s mid-century ambitions. It traces how institutional position and financial security enabled Cole to develop a research program for entrepreneurial history by redefining its evidentiary base, organizing it as a collective and interdisciplinary endeavor, and articulating an analytical framework for it. The article argues that Cole advanced two arguments that continue to provoke the field. First, he promoted the study of entrepreneurship without heroes, resisting great-firm and great-man narratives by treating entrepreneurial change primarily as a knowledge problem. Second, he sought to align levels of analysis, tracing the entrepreneurial function from micro-level decision-making through meso-level interfirm ecologies to macro-level social legitimacy. To communicate this complex agenda, Cole often theorized in metaphors, notably the “entrepreneurial stream,” that helped his ideas travel even when his synthesis proved difficult to canonize.",Business History Review,2026-09-28,journal-article,https://doi.org/10.1017/s0007680526102013,2044-768X,Business History Review,BUS HIST & ECON HIST,Cambridge University Press,4,4,4,4
10.1017/s0007680526101986,The Emergence of Iron Shipbuilding on the River Tyne: A Study of Entrepreneurial Agency,John F. Wilson; Mark Stoddart,Northumbria University,"Abstract From the 1840s, Tyneside emerged as a key center for iron shipbuilding, rivaling Britain’s established hubs. This industrial shift was driven initially not by legacy firms but by migrant entrepreneurs from Aberdeen—John Coutts, Charles Mitchell, and Andrew Leslie. This article investigates the divergent trajectories of these entrepreneurs, asking why two succeeded in establishing sustainable enterprises while the other failed. Drawing on the entrepreneurship literature, it explores this divergence by focusing on the entrepreneurs’ ability to convert opportunity into commercial success in a new industrial landscape. Despite archival limitations, triangulated evidence reveals the importance of trust and personal reputation in establishing a new business, alongside the pursuit of cautious strategies that were based on meticulous cashflow management.",Business History Review,2026-09-28,journal-article,https://doi.org/10.1017/s0007680526101986,2044-768X,Business History Review,BUS HIST & ECON HIST,Cambridge University Press,4,4,4,4
10.1017/s0007680526102049,Contractual Innovation and Corporate Finance in Seventeenth-Century Toulouse,David Le Bris; William Goetzmann; Sébastien Pouget,TBS Education; Yale School of Management; Toulouse School of Economics; Toulouse 1 University Capitole Toulouse School of Management,"Abstract In Toulouse, after a destructive flood in 1641, a coordination failure made traditional capital calls ineffective, preventing the recapitalization of the Castel Mills. Drawing on agreements registered with the Parlement of Toulouse, we show how shareholders crafted a solution combining a temporary governance regime with three classes of equity claims featuring distinct risk–return profiles and intertemporal payoffs. This menu of claims accommodated heterogeneous investors with different risk tolerances, liquidity constraints, and expectations about the repairs’ success. Corporate innovation can thus arise from profit-seeking investors relying on explicit contracts, addressing agency problems through the reallocation of control rights and access to information while explicitly seeking to preserve the firm’s continuity. The case challenges teleological narratives of the joint-stock company’s origins and speaks to debates on capitalism’s development, convergent evolution in business organizations, institutions and economic growth, the flexibility of “corporations by contract” in a civil-law setting, and cooperation among individuals.",Business History Review,2026-09-28,journal-article,https://doi.org/10.1017/s0007680526102049,2044-768X,Business History Review,BUS HIST & ECON HIST,Cambridge University Press,4,4,4,4
10.1017/s0007680526102050,Home Protection: Frances Willard’s Anti-Monopoly Crusade,Richard R. John,Columbia University,"Abstract The neo-Brandeisian anti-monopoly movement that emerged in the United States following the 2008 financial crisis provides a new perspective on anti-monopoly thought, politics, and practice in the less recent past. The “home protection” crusade led by renowned temperance activist Frances Willard is a case in point. To combat addiction, domestic violence, and child abuse, Willard joined like-minded temperance activists in the 1870s to form the Woman’s Christian Temperance Union, a grassroots women-led social movement to ban the “liquor traffic.” To free the nation from its “ monopoly in sin ,” Willard opposed federal alcohol taxes and municipal liquor-retailing licensing fees. Inspired by the utopian journalist Edward Bellamy and the Fabian socialists Sidney and Beatrice Webb, Willard reinvented herself in the 1890s as a Christian socialist committed to improving the living conditions of the poor—an anti-monopoly ideal more expansive than anything championed by the lawmakers who drafted the 1890 law known today as the Sherman Act.",Business History Review,2026-09-28,journal-article,https://doi.org/10.1017/s0007680526102050,2044-768X,Business History Review,BUS HIST & ECON HIST,Cambridge University Press,4,4,4,4
10.1017/s0007680526102165,A Voyage “Among the Most Idealistic and Disinterested of Men” and Women,Madeline Woker,Princeton University,,Business History Review,2026-09-28,journal-article,https://doi.org/10.1017/s0007680526102165,2044-768X,Business History Review,BUS HIST & ECON HIST,Cambridge University Press,4,4,4,4
10.1007/s11192-026-05825-5,Large language models for literature-based analysis: constructing ontology-grounded citation knowledge graphs,Muhammad Saad Salman; Imran Ihsan,,,Scientometrics,2026-09-28,journal-article,https://doi.org/10.1007/s11192-026-05825-5,1588-2861,Scientometrics,INNOV,Springer Nature,4,4,4,4
10.1007/s11192-026-05838-0,From paper content to journal quality: an LLM-based comparative assessment approach within the REF 2021 framework,Jiangbo Li; Shihang Niu; Chunlin Jiang,,,Scientometrics,2026-09-28,journal-article,https://doi.org/10.1007/s11192-026-05838-0,1588-2861,Scientometrics,INNOV,Springer Nature,4,4,4,4
10.1007/s11192-026-05832-6,Research productivity and funding efficiency in Spain: a bibliometric analysis of the national R&amp;D plan (2018–2020),Alicia Moreno-Delgado; Rafael Repiso,,,Scientometrics,2026-09-28,journal-article,https://doi.org/10.1007/s11192-026-05832-6,1588-2861,Scientometrics,INNOV,Springer Nature,4,4,4,4
10.1007/s11192-026-05833-5,Exploring the patterns of citation-related static features of highly cited papers across disciplines,Pan Zhang; Cang Wu; Junying Cui; Xueyu Meng; Yongzheng Tian; Zhiqiang Cai,,,Scientometrics,2026-09-28,journal-article,https://doi.org/10.1007/s11192-026-05833-5,1588-2861,Scientometrics,INNOV,Springer Nature,4,4,4,4
10.1007/s11192-026-05827-3,Mapping the evolution of artificial intelligence: an LLM-driven patent network analysis,Jiahui Zhang; Yimeng Wang; Tianyi Wen; Jingyi Cao; Tao Hong,,,Scientometrics,2026-09-29,journal-article,https://doi.org/10.1007/s11192-026-05827-3,1588-2861,Scientometrics,INNOV,Springer Nature,4,4,4,4
10.1007/s11192-026-05840-6,Research quality metrics as a complement to bibliometrics: an opinion paper,Harald Hannerz; Kristian Schultz Hansen; Jan Hyld Pejtersen; Helene Kless Willadsen,,"Abstract Substantial proportions of research investment may be wasted due to flawed study design, biased reporting, and publication bias, raising concerns about how research performance is evaluated. Despite this, current assessment systems rely heavily on bibliometric indicators such as publication counts, co-authorship, and citation metrics, which do not reliably reflect research quality or scientific rigor. In this opinion paper, we argue that such indicators may reward practices that undermine the accumulation of reliable knowledge, including p-hacking, selective reporting, and underpowered study designs, while undervaluing essential contributions such as replication research. We propose that bibliometric measures should be complemented by transparent and auditable research quality metrics, including indicators of reproducibility, statistical power, risk of bias, and adherence to reporting standards. We further suggest that recent advances in large language models may facilitate the scalable implementation of such metrics. Adopting quality-focused indicators could improve research evaluation and help reduce avoidable research waste.",Scientometrics,2026-09-29,journal-article,https://doi.org/10.1007/s11192-026-05840-6,1588-2861,Scientometrics,INNOV,Springer Nature,4,4,4,4
10.1111/jofi.70088,An IV Hazard Model of Loan Default with an Application to Subprime Mortgage Cohorts,CHRISTOPHER J. PALMER,,"ABSTRACT I develop a control function methodology robust to endogenous or mismeasured regressors in hazard models. Applying the estimator to the subprime mortgage crisis, I quantify what caused the foreclosure rate to triple across the 2003 to 2007 subprime cohorts. To identify the elasticity of default to housing prices, I use various home price instruments including historical variation in home price cyclicality. Loose credit played a significant role in the crisis, but much of the increase in defaults across cohorts was caused by price declines unrelated to lending standards, with a 10% price decline increasing subprime mortgage default rates by 50%.",The Journal of Finance,2026-09-28,journal-article,https://doi.org/10.1111/jofi.70088,1540-6261,Journal of Finance,FINANCE,Wiley-Blackwell,4*,,,4*
10.1017/s0022109026103378,Resolution Design and Investment in Banking Groups – CORRIGENDUM,Albert Banal-Estañol; Gyöngyi Lóránth; David Pothier,"Universitat Pompeu Fabra, Barcelona School of Management, Barcelona School of Economics, and City St George’s, University of London; University of Vienna",,Journal of Financial and Quantitative Analysis,2026-09-29,journal-article,https://doi.org/10.1017/s0022109026103378,1756-6916,Journal of Financial and Quantitative Analysis,FINANCE,Cambridge University Press,4,,,4
10.1017/s0022109026103172,Flow Diversification,Sunil Wahal; Albert Y. Wang,Arizona State University W.P. Carey School of Business; Auburn University,"Abstract We measure flow diversification in mutual funds using the cross-sectional correlation of daily flows across investor clienteles. Greater flow diversification is associated with lower future flow volatility, smaller subsequent outflows, and lower cash holdings. We decompose flow correlation into predictable and unexpected components. Unexpectedly low flow correlation is associated with higher post-outflow fund returns, mitigating outflow-induced externalities on incumbent shareholders. Flow diversification also dampens the higher flow-performance sensitivity of illiquid funds, partially offsetting strategic complementarities that can generate fragility.",Journal of Financial and Quantitative Analysis,2026-09-29,journal-article,https://doi.org/10.1017/s0022109026103172,1756-6916,Journal of Financial and Quantitative Analysis,FINANCE,Cambridge University Press,4,,,4
10.1016/j.jcorpfin.2026.103096,Monetary policy and mergers and acquisitions,Johannes J. Fischer; Carl-Wolfram Horn,,,Journal of Corporate Finance,2026-09-01,journal-article,https://doi.org/10.1016/j.jcorpfin.2026.103096,1872-6313,Journal of Corporate Finance,FINANCE,Elsevier,4,,,4
10.2308/tar-2024-0791,The Issuance and Design of Sustainability-Linked Loans,Aleksander A. Aleszczyk; Maria Loumioti; George Serafeim,New York University; The University of Texas at Dallas; Harvard University,"ABSTRACT We explore the contract design of sustainability-linked loans (SLLs), a rapidly growing form of ESG-labeled debt that ties loan pricing to firms’ sustainability performance. Using a global SLL sample issued between 2017 and 2023, we examine whether SLLs are structured to discipline borrowers with weak ESG performance through stringent sustainability-linked provisions. We find no association between borrower ESG performance and the rigor of SLL provisions, suggesting that SLLs are generally not designed as incentive contracts. Instead, SLL contract design aligns more closely with ESG branding and credit-product-expansion motives: borrowers leverage SLLs to enhance legitimacy and visibility and to attract additional capital, whereas lenders can convey their ESG commitment, cater to investor demand for ESG-labeled debt, and expand their credit product offering. Overall, our evidence suggests that SLLs function primarily as symbolic labels rather than credible mechanisms for driving meaningful improvements in firms’ sustainability outcomes. Data Availability: Data are available from the sources cited in the text. JEL Classifications: M14; M41; G21; G32; Q56.",The Accounting Review,2026-09-26,journal-article,https://doi.org/10.2308/tar-2024-0791,1558-7967,Accounting Review,ACCOUNT,American Accounting Association,4*,,,4*
10.2308/tar-2025-0006,CEO Tax Lock-In and Share Pledging,Jonathan Underwood; Benjamin P. Yost,Texas State University; Boston College,"ABSTRACT We study how CEOs’ personal tax incentives shape their share pledging decisions and firms’ restrictions on the practice. Pledging shares entails using company stock as collateral for personal loans, enabling executives to obtain liquidity without making a taxable sale of appreciated shares. Using pledging data from 2006 to 2024, we find a robust positive relation between CEOs’ unrealized capital gains tax liabilities, or tax burdens, and share pledging. This relation is weaker when interest rates are high, consistent with CEOs’ trading off tax benefits against borrowing costs. After Institutional Shareholder Services discouraged share pledging in 2012, firms with high-tax-burden CEOs were slower to adopt antipledging policies and, when they did adopt, chose less restrictive policies. Firms that adopted strong antipledging policies subsequently increased CEO cash pay and stock awards. Our evidence suggests that share pledging helps executives manage personal tax lock-in and that firms consider this benefit when restricting pledging. Data Availability: Data are available from the public and subscription sources identified in the text, subject to applicable data-use restrictions. JEL Classifications: G30; H24; J33; M52.",The Accounting Review,2026-09-25,journal-article,https://doi.org/10.2308/tar-2025-0006,1558-7967,Accounting Review,ACCOUNT,American Accounting Association,4*,,,4*
10.1111/1475-679x.70089,"Partisanship, Information, and Punishment for Misconduct at Work",VIVEK PANDEY; JOANNA S. WU; YUANZHE ZHANG,University of Rochester,"ABSTRACT We examine whether firms apply partisan standards when responding to employee financial misconduct. Using detailed individual‐level data on financial advisers, we find that advisers who are in the political minority at their firm (political minority advisers) are no different from their colleagues at the same firm and time in the incidence and severity of misconduct, yet following misconduct, they are significantly more likely to depart—a pattern we term “partisan punishment standards.” This pattern is especially pronounced at firms with lower internal information quality (IIQ), proxied with (1) lower external reporting quality (for public firms only), (2) private firms (relative to public firms), and (3) not hiring an independent public accountant to create an internal control report (for both public and private firms). We also document “partisan reporting standards”: Firms are more likely to publicly disclose misconduct by political minority advisers while remaining relatively silent in other cases. Firms that exhibit partisan punishment practices subsequently experience slower growth.",Journal of Accounting Research,2026-09-28,journal-article,https://doi.org/10.1111/1475-679x.70089,1475-679X,Journal of Accounting Research,ACCOUNT,Wiley-Blackwell,4*,,,4*
10.1111/1911-3846.70087,Estimating the Private Value of Financial Statement Statistics,Russell Lundholm; Xin Zheng,University of British Columbia Vancouver British Columbia Canada,"ABSTRACT We develop a method for estimating the private value of knowing the future realization of some financial statistics, and then we apply the measure to the familiar ratios from the DuPont decomposition of return on equity. The estimation is grounded in the standard rational expectations model, adapted to accommodate relative risk aversion, and determines an investor's willingness to pay for information denominated in units of a riskless asset (e.g., money). The method can accommodate different levels of investable wealth, multiple assets, and any information system regarding those assets. We use this method to document several interesting contrasts. An investor with $1 million in wealth who already knows all the current DuPont ratios, as well as the most recent analyst forecast, would be willing to pay $2861 to know all of next year's ratios. This amount increases to $3158 for firms below the median size. We find that the value of financial information is higher in periods of high sentiment and for firms that are hard to value or hard to arbitrage (i.e., firms with high sentiment exposure). In practical terms, this suggests investors prioritize their information search to small, young, loss‐making, high‐growth, low book‐to‐market, non‐dividend‐paying, and illiquid firms. In terms of the DuPont components, we find that knowing next year's operating profit margin alone is worth $1226, whereas knowing next year's leverage is worth only $170 and knowing next year's sales growth is worth only $184. In practical terms, this suggests that investors allocate more attention to forecasting profitability and less attention to forecasting sales growth. Finally, we demonstrate that the estimated value of financial statistics increases substantially when we assume the investor can trade in the firm asset and can also hedge using an industry exchange‐traded fund (ETF). This result suggests that professional investors integrate their information search with their hedging behavior.",Contemporary Accounting Research,2026-09-28,journal-article,https://doi.org/10.1111/1911-3846.70087,1911-3846,Contemporary Accounting Research,ACCOUNT,Wiley-Blackwell,4,,,4
10.1017/s0003055426101890,"Marriage as Slavery: Oroonoko, the Slave Trade, and the Origins of English Feminism",MARY JO MACDONALD,Mount Allison University,"Abstract This article investigates Mary Astell’s controversial comparison of marriage to slavery. While existing scholarship situates this analogy within the neo-Roman republican framework, which defined slavery as subjection to absolute rule, I investigate another paradigm: the transatlantic slave trade. To make this case, the article traces the influence of Aphra Behn’s Oroonoko (1688) on early feminist thought. By foregrounding the market logic underpinning chattel slavery, Behn popularized the idea that slavery’s harms were rooted, not in absolute power, but in the commodification of human beings. Astell appropriated this insight, showing that marriage resembled slavery not because husbands wielded power over wives but because the institution had been commodified: women were treated as things to be bought and sold. In uncovering this genealogy of feminist thought, the article highlights the enduring contributions of the “first” English feminists—insights that are entangled with, and shaped by, the development of the slave trade.",American Political Science Review,2026-09-29,journal-article,https://doi.org/10.1017/s0003055426101890,1537-5943,American Political Science Review,POL SCI,Cambridge University Press,,,,4*
10.1017/s0003055426101889,Democratic Accountability with Citizen Coproduction,JIE MA; KEITH E. SCHNAKENBERG; IAN R. TURNER,Washington University in St Louis; University of Pittsburgh,"Many policies require citizens to actively participate in their implementation in order to be successful, a situation referred to as citizen coproduction. Though citizen coproduction is necessary in many policy areas, it could create difficulties for democratic accountability because citizens and politicians share responsibility for policy failures and attribution of blame may be difficult. We analyze the problem of democratic accountability with citizen coproduction in the context of a model in which politicians, who vary with respect to their competence at selecting policies, choose whether to implement policies whose success depends on citizen coproduction choices. For citizens, the problem is one of attribution: when coproduction is low, it may be hard to select good incumbents because policy failures are frequent even when policy choices are good. Incumbents anticipate these effects, which sometimes implies that they are less likely to choose reforms when they are more likely to be successful.",American Political Science Review,2026-09-29,journal-article,https://doi.org/10.1017/s0003055426101889,1537-5943,American Political Science Review,POL SCI,Cambridge University Press,,,,4*
10.1017/s0003055426101968,What Would It Mean to Democratize Finance? An Evaluation of Divergent Conceptions of Democracy and Finance,LEAH DOWNEY; STEFAN EICH,King’s College London; Georgetown University,"Calls to “democratize finance” abound today. Yet this apparent consensus obscures sharply divergent conceptions of both democracy and finance. This article maps these demands along two axes, distinguishing between access- and power-based conceptions of democracy, and between three dimensions of finance: payment, capital markets, and banking. We then develop three normative claims. First, we argue that conceptions that reduce democratization to expanded market access are not merely insufficient but, when applied to speculative capital markets, amount to predatory inclusion. Second, thicker accounts of democratization as equal inclusion are normatively more promising but internally unstable, as their democratic commitments generate pressures toward power sharing. Third, the most plausible conceptions of democratizing finance are power-centered and involve greater public control over credit creation and allocation. Rather than defending a single institutional solution, the article assesses a range of reform proposals while specifying a normative threshold for evaluating what it would mean to democratize finance.",American Political Science Review,2026-09-29,journal-article,https://doi.org/10.1017/s0003055426101968,1537-5943,American Political Science Review,POL SCI,Cambridge University Press,,,,4*
